<TICKER>;<PER>;<DATE>;<TIME>;<CLOSE>
SBER;D;20130523;000000;105.5500000
SBER;D;20130524;000000;103.0800000
SBER;D;20130527;000000;102.8700000
SBER;D;20130528;000000;104.1000000
SBER;D;20130529;000000;99.9600000
SBER;D;20130530;000000;100.0700000
SBER;D;20130531;000000;99.0500000
SBER;D;20130603;000000;98.7000000
SBER;D;20130604;000000;98.7900000
SBER;D;20130605;000000;97.5000000
SBER;D;20130606;000000;96.8000000
SBER;D;20130607;000000;99.2000000
SBER;D;20130610;000000;97.8000000
SBER;D;20130611;000000;94.6600000
SBER;D;20130613;000000;91.7700000
SBER;D;20130614;000000;93.7000000
SBER;D;20130617;000000;95.6400000
SBER;D;20130618;000000;96.3700000
SBER;D;20130619;000000;94.5700000
SBER;D;20130620;000000;91.3000000
SBER;D;20130621;000000;91.5000000
SBER;D;20130624;000000;88.8800000
SBER;D;20130625;000000;89.5700000
SBER;D;20130626;000000;92.5100000
SBER;D;20130627;000000;93.2400000
SBER;D;20130628;000000;93.6800000
SBER;D;20130701;000000;95.4200000
SBER;D;20130702;000000;94.8000000
SBER;D;20130703;000000;93.0400000
SBER;D;20130704;000000;93.9500000
SBER;D;20130705;000000;93.2000000
SBER;D;20130708;000000;92.8400000
SBER;D;20130709;000000;92.3900000
SBER;D;20130710;000000;91.1400000
SBER;D;20130711;000000;95.5100000
SBER;D;20130712;000000;98.5700000
SBER;D;20130715;000000;99.9000000
SBER;D;20130716;000000;99.4700000
SBER;D;20130717;000000;101.1500000
SBER;D;20130718;000000;98.3900000
SBER;D;20130719;000000;99.9900000
SBER;D;20130722;000000;97.7700000
SBER;D;20130723;000000;96.8500000
SBER;D;20130724;000000;96.4600000
SBER;D;20130725;000000;95.7700000
SBER;D;20130726;000000;94.8100000
SBER;D;20130729;000000;94.2800000
SBER;D;20130730;000000;94.0600000
SBER;D;20130731;000000;95.2300000
SBER;D;20130801;000000;96.8400000
SBER;D;20130802;000000;96.9900000
SBER;D;20130805;000000;96.2200000
SBER;D;20130806;000000;94.7100000
SBER;D;20130807;000000;94.4100000
SBER;D;20130808;000000;94.0200000
SBER;D;20130809;000000;95.7000000
SBER;D;20130812;000000;96.2400000
SBER;D;20130813;000000;97.3900000
SBER;D;20130814;000000;98.0000000
SBER;D;20130815;000000;95.4200000
SBER;D;20130816;000000;93.8000000
SBER;D;20130819;000000;93.6000000
SBER;D;20130820;000000;91.7500000
SBER;D;20130821;000000;90.6300000
SBER;D;20130822;000000;92.0800000
SBER;D;20130823;000000;91.9100000
SBER;D;20130826;000000;91.2900000
SBER;D;20130827;000000;90.0600000
SBER;D;20130828;000000;89.3900000
SBER;D;20130829;000000;89.8200000
SBER;D;20130830;000000;88.2300000
SBER;D;20130902;000000;89.4800000
SBER;D;20130903;000000;90.4500000
SBER;D;20130904;000000;90.3300000
SBER;D;20130905;000000;92.7800000
SBER;D;20130906;000000;92.4700000
SBER;D;20130909;000000;94.8100000
SBER;D;20130910;000000;96.5500000
SBER;D;20130911;000000;95.5000000
SBER;D;20130912;000000;95.5300000
SBER;D;20130913;000000;95.8200000
SBER;D;20130916;000000;98.9700000
SBER;D;20130917;000000;99.6000000
SBER;D;20130918;000000;99.7900000
SBER;D;20130919;000000;102.3300000
SBER;D;20130920;000000;102.3600000
SBER;D;20130923;000000;101.8200000
SBER;D;20130924;000000;100.5000000
SBER;D;20130925;000000;101.9500000
SBER;D;20130926;000000;101.6700000
SBER;D;20130927;000000;98.5900000
SBER;D;20130930;000000;97.8600000
SBER;D;20131001;000000;99.1600000
SBER;D;20131002;000000;97.7400000
SBER;D;20131003;000000;98.2400000
SBER;D;20131004;000000;100.3900000
SBER;D;20131007;000000;100.3000000
SBER;D;20131008;000000;102.1100000
SBER;D;20131009;000000;101.4800000
SBER;D;20131010;000000;103.4300000
SBER;D;20131011;000000;102.8700000
SBER;D;20131014;000000;102.9300000
SBER;D;20131015;000000;104.5500000
SBER;D;20131016;000000;104.0500000
SBER;D;20131017;000000;103.3300000
SBER;D;20131018;000000;105.1400000
SBER;D;20131021;000000;105.4300000
SBER;D;20131022;000000;105.4000000
SBER;D;20131023;000000;103.2900000
SBER;D;20131024;000000;102.8600000
SBER;D;20131025;000000;102.9900000
SBER;D;20131028;000000;102.8400000
SBER;D;20131029;000000;102.8000000
SBER;D;20131030;000000;103.1100000
SBER;D;20131031;000000;102.7400000
SBER;D;20131101;000000;103.6500000
SBER;D;20131105;000000;102.4700000
SBER;D;20131106;000000;102.5900000
SBER;D;20131107;000000;103.5500000
SBER;D;20131108;000000;101.8600000
SBER;D;20131111;000000;101.7700000
SBER;D;20131112;000000;104.2500000
SBER;D;20131113;000000;101.8100000
SBER;D;20131114;000000;103.7000000
SBER;D;20131115;000000;103.6900000
SBER;D;20131118;000000;105.5000000
SBER;D;20131119;000000;106.1900000
SBER;D;20131120;000000;106.0000000
SBER;D;20131121;000000;104.7800000
SBER;D;20131122;000000;105.1000000
SBER;D;20131125;000000;105.3100000
SBER;D;20131126;000000;103.0200000
SBER;D;20131127;000000;102.7700000
SBER;D;20131128;000000;102.6900000
SBER;D;20131129;000000;103.0700000
SBER;D;20131202;000000;102.3600000
SBER;D;20131203;000000;100.2400000
SBER;D;20131204;000000;98.9500000
SBER;D;20131205;000000;98.2500000
SBER;D;20131206;000000;99.9000000
SBER;D;20131209;000000;101.0000000
SBER;D;20131210;000000;100.1600000
SBER;D;20131211;000000;100.6500000
SBER;D;20131212;000000;98.9600000
SBER;D;20131213;000000;98.9400000
SBER;D;20131216;000000;99.8500000
SBER;D;20131217;000000;100.1500000
SBER;D;20131218;000000;100.1800000
SBER;D;20131219;000000;101.7800000
SBER;D;20131220;000000;102.2000000
SBER;D;20131223;000000;102.4500000
SBER;D;20131224;000000;101.9600000
SBER;D;20131225;000000;101.6200000
SBER;D;20131226;000000;101.9500000
SBER;D;20131227;000000;100.6800000
SBER;D;20131230;000000;101.1700000
SBER;D;20140106;000000;98.9100000
SBER;D;20140108;000000;98.1900000
SBER;D;20140109;000000;98.0000000
SBER;D;20140110;000000;99.2000000
SBER;D;20140113;000000;100.2500000
SBER;D;20140114;000000;99.2400000
SBER;D;20140115;000000;100.7700000
SBER;D;20140116;000000;100.6500000
SBER;D;20140117;000000;101.1700000
SBER;D;20140120;000000;101.9600000
SBER;D;20140121;000000;102.2000000
SBER;D;20140122;000000;102.1700000
SBER;D;20140123;000000;101.7000000
SBER;D;20140124;000000;99.7000000
SBER;D;20140127;000000;97.7800000
SBER;D;20140128;000000;97.3600000
SBER;D;20140129;000000;95.9800000
SBER;D;20140130;000000;95.8000000
SBER;D;20140131;000000;94.7000000
SBER;D;20140203;000000;94.6600000
SBER;D;20140204;000000;94.0700000
SBER;D;20140205;000000;95.4500000
SBER;D;20140206;000000;96.6200000
SBER;D;20140207;000000;96.5300000
SBER;D;20140210;000000;95.4700000
SBER;D;20140211;000000;96.1200000
SBER;D;20140212;000000;96.8400000
SBER;D;20140213;000000;95.5000000
SBER;D;20140214;000000;96.6500000
SBER;D;20140217;000000;97.4900000
SBER;D;20140218;000000;96.6200000
SBER;D;20140219;000000;94.9000000
SBER;D;20140220;000000;94.6300000
SBER;D;20140221;000000;95.0000000
SBER;D;20140224;000000;94.6900000
SBER;D;20140225;000000;94.1700000
SBER;D;20140226;000000;92.2900000
SBER;D;20140227;000000;90.1200000
SBER;D;20140228;000000;91.1600000
SBER;D;20140303;000000;77.5700000
SBER;D;20140304;000000;81.5500000
SBER;D;20140305;000000;81.4600000
SBER;D;20140306;000000;80.2400000
SBER;D;20140307;000000;79.9900000
SBER;D;20140311;000000;76.5700000
SBER;D;20140312;000000;72.4600000
SBER;D;20140313;000000;69.8400000
SBER;D;20140314;000000;71.7500000
SBER;D;20140317;000000;76.9700000
SBER;D;20140318;000000;81.4300000
SBER;D;20140319;000000;80.8300000
SBER;D;20140320;000000;79.5000000
SBER;D;20140321;000000;78.4700000
SBER;D;20140324;000000;78.2900000
SBER;D;20140325;000000;81.8500000
SBER;D;20140326;000000;82.5600000
SBER;D;20140327;000000;79.8800000
SBER;D;20140328;000000;81.4700000
SBER;D;20140331;000000;83.8000000
SBER;D;20140401;000000;83.8800000
SBER;D;20140402;000000;82.6700000
SBER;D;20140403;000000;81.5100000
SBER;D;20140404;000000;82.9800000
SBER;D;20140407;000000;79.9500000
SBER;D;20140408;000000;79.4100000
SBER;D;20140409;000000;78.8500000
SBER;D;20140410;000000;79.9000000
SBER;D;20140411;000000;79.7500000
SBER;D;20140414;000000;78.3500000
SBER;D;20140415;000000;75.2000000
SBER;D;20140416;000000;76.1300000
SBER;D;20140417;000000;76.8900000
SBER;D;20140418;000000;78.8200000
SBER;D;20140421;000000;77.6200000
SBER;D;20140422;000000;76.3000000
SBER;D;20140423;000000;75.5600000
SBER;D;20140424;000000;73.2100000
SBER;D;20140425;000000;69.9100000
SBER;D;20140428;000000;73.3900000
SBER;D;20140429;000000;72.8000000
SBER;D;20140430;000000;72.5000000
SBER;D;20140502;000000;72.2200000
SBER;D;20140505;000000;71.9900000
SBER;D;20140506;000000;74.1000000
SBER;D;20140507;000000;78.5000000
SBER;D;20140508;000000;78.8000000
SBER;D;20140512;000000;79.0800000
SBER;D;20140513;000000;80.1500000
SBER;D;20140514;000000;81.3800000
SBER;D;20140515;000000;80.0400000
SBER;D;20140516;000000;79.2000000
SBER;D;20140519;000000;81.6200000
SBER;D;20140520;000000;82.3100000
SBER;D;20140521;000000;83.5900000
SBER;D;20140522;000000;83.2600000
SBER;D;20140523;000000;85.8300000
SBER;D;20140526;000000;86.8700000
SBER;D;20140527;000000;84.3300000
SBER;D;20140528;000000;84.9500000
SBER;D;20140529;000000;85.6500000
SBER;D;20140530;000000;84.5000000
SBER;D;20140602;000000;85.9100000
SBER;D;20140603;000000;86.8400000
SBER;D;20140604;000000;87.8100000
SBER;D;20140605;000000;87.4300000
SBER;D;20140606;000000;89.0000000
SBER;D;20140609;000000;88.8900000
SBER;D;20140610;000000;88.9900000
SBER;D;20140611;000000;89.0000000
SBER;D;20140616;000000;84.8500000
SBER;D;20140617;000000;83.8000000
SBER;D;20140618;000000;83.7700000
SBER;D;20140619;000000;84.8000000
SBER;D;20140620;000000;84.1600000
SBER;D;20140623;000000;83.6800000
SBER;D;20140624;000000;86.5000000
SBER;D;20140625;000000;84.4000000
SBER;D;20140626;000000;84.1000000
SBER;D;20140627;000000;84.3300000
SBER;D;20140630;000000;84.5000000
SBER;D;20140701;000000;84.0700000
SBER;D;20140702;000000;85.7900000
SBER;D;20140703;000000;85.3400000
SBER;D;20140704;000000;84.0000000
SBER;D;20140707;000000;85.4900000
SBER;D;20140708;000000;85.1100000
SBER;D;20140709;000000;85.2000000
SBER;D;20140710;000000;84.4700000
SBER;D;20140711;000000;84.5500000
SBER;D;20140714;000000;83.5500000
SBER;D;20140715;000000;83.0900000
SBER;D;20140716;000000;83.7800000
SBER;D;20140717;000000;81.5000000
SBER;D;20140718;000000;80.2700000
SBER;D;20140721;000000;76.5600000
SBER;D;20140722;000000;78.3000000
SBER;D;20140723;000000;77.4500000
SBER;D;20140724;000000;76.8700000
SBER;D;20140725;000000;75.1600000
SBER;D;20140728;000000;72.8200000
SBER;D;20140729;000000;73.2000000
SBER;D;20140730;000000;73.6800000
SBER;D;20140731;000000;73.6000000
SBER;D;20140801;000000;72.3700000
SBER;D;20140804;000000;72.7500000
SBER;D;20140805;000000;71.6000000
SBER;D;20140806;000000;69.0000000
SBER;D;20140807;000000;68.5000000
SBER;D;20140808;000000;70.7000000
SBER;D;20140811;000000;74.2100000
SBER;D;20140812;000000;73.3500000
SBER;D;20140813;000000;74.8400000
SBER;D;20140814;000000;74.9900000
SBER;D;20140815;000000;75.0500000
SBER;D;20140818;000000;75.1500000
SBER;D;20140819;000000;76.0000000
SBER;D;20140820;000000;76.9000000
SBER;D;20140821;000000;78.4000000
SBER;D;20140822;000000;78.3900000
SBER;D;20140825;000000;78.5600000
SBER;D;20140826;000000;77.4400000
SBER;D;20140827;000000;77.9300000
SBER;D;20140828;000000;74.5900000
SBER;D;20140829;000000;73.2100000
SBER;D;20140901;000000;73.6800000
SBER;D;20140902;000000;73.7600000
SBER;D;20140903;000000;78.5000000
SBER;D;20140904;000000;79.3900000
SBER;D;20140905;000000;80.2500000
SBER;D;20140908;000000;78.6900000
SBER;D;20140909;000000;79.4100000
SBER;D;20140910;000000;78.6700000
SBER;D;20140911;000000;76.3000000
SBER;D;20140912;000000;76.6500000
SBER;D;20140915;000000;75.6300000
SBER;D;20140916;000000;77.6000000
SBER;D;20140917;000000;78.6600000
SBER;D;20140918;000000;77.9800000
SBER;D;20140919;000000;77.4000000
SBER;D;20140922;000000;76.0000000
SBER;D;20140923;000000;77.6800000
SBER;D;20140924;000000;79.0500000
SBER;D;20140925;000000;78.0100000
SBER;D;20140926;000000;77.6000000
SBER;D;20140929;000000;76.7000000
SBER;D;20140930;000000;75.5200000
SBER;D;20141001;000000;74.2600000
SBER;D;20141002;000000;73.1500000
SBER;D;20141003;000000;73.7700000
SBER;D;20141006;000000;76.3300000
SBER;D;20141007;000000;75.3200000
SBER;D;20141008;000000;73.8000000
SBER;D;20141009;000000;73.6500000
SBER;D;20141010;000000;73.5000000
SBER;D;20141013;000000;74.2600000
SBER;D;20141014;000000;74.5500000
SBER;D;20141015;000000;73.0800000
SBER;D;20141016;000000;71.1200000
SBER;D;20141017;000000;73.1500000
SBER;D;20141020;000000;72.2500000
SBER;D;20141021;000000;72.5000000
SBER;D;20141022;000000;71.8200000
SBER;D;20141023;000000;71.5900000
SBER;D;20141024;000000;72.4900000
SBER;D;20141027;000000;72.9000000
SBER;D;20141028;000000;73.9000000
SBER;D;20141029;000000;74.0500000
SBER;D;20141030;000000;74.9800000
SBER;D;20141031;000000;76.2300000
SBER;D;20141103;000000;76.2900000
SBER;D;20141105;000000;75.6500000
SBER;D;20141106;000000;75.0500000
SBER;D;20141107;000000;75.6900000
SBER;D;20141110;000000;77.7800000
SBER;D;20141111;000000;77.3400000
SBER;D;20141112;000000;76.3200000
SBER;D;20141113;000000;74.0300000
SBER;D;20141114;000000;74.1500000
SBER;D;20141117;000000;73.9700000
SBER;D;20141118;000000;75.2100000
SBER;D;20141119;000000;73.9000000
SBER;D;20141120;000000;73.6300000
SBER;D;20141121;000000;74.3900000
SBER;D;20141124;000000;74.4000000
SBER;D;20141125;000000;74.1100000
SBER;D;20141126;000000;73.8500000
SBER;D;20141127;000000;73.0400000
SBER;D;20141128;000000;72.2500000
SBER;D;20141201;000000;73.7900000
SBER;D;20141202;000000;71.6400000
SBER;D;20141203;000000;72.0000000
SBER;D;20141204;000000;71.0400000
SBER;D;20141205;000000;68.6000000
SBER;D;20141208;000000;65.3000000
SBER;D;20141209;000000;66.2600000
SBER;D;20141210;000000;67.7700000
SBER;D;20141211;000000;65.9500000
SBER;D;20141212;000000;64.2000000
SBER;D;20141215;000000;60.1300000
SBER;D;20141216;000000;53.5000000
SBER;D;20141217;000000;59.9000000
SBER;D;20141218;000000;62.9100000
SBER;D;20141219;000000;61.4400000
SBER;D;20141222;000000;58.6000000
SBER;D;20141223;000000;54.0000000
SBER;D;20141224;000000;55.0000000
SBER;D;20141225;000000;58.7000000
SBER;D;20141226;000000;57.1300000
SBER;D;20141229;000000;54.5100000
SBER;D;20141230;000000;54.9000000
SBER;D;20150105;000000;56.3700000
SBER;D;20150106;000000;58.2800000
SBER;D;20150108;000000;65.7000000
SBER;D;20150109;000000;63.1000000
SBER;D;20150112;000000;62.9000000
SBER;D;20150113;000000;60.3100000
SBER;D;20150114;000000;60.0500000
SBER;D;20150115;000000;61.8000000
SBER;D;20150116;000000;61.9900000
SBER;D;20150119;000000;61.8000000
SBER;D;20150120;000000;60.8000000
SBER;D;20150121;000000;62.8000000
SBER;D;20150122;000000;64.3500000
SBER;D;20150123;000000;64.4500000
SBER;D;20150126;000000;60.4900000
SBER;D;20150127;000000;61.2000000
SBER;D;20150128;000000;60.6300000
SBER;D;20150129;000000;60.5000000
SBER;D;20150130;000000;61.5000000
SBER;D;20150202;000000;61.4000000
SBER;D;20150203;000000;62.0000000
SBER;D;20150204;000000;61.0400000
SBER;D;20150205;000000;62.4100000
SBER;D;20150206;000000;64.3100000
SBER;D;20150209;000000;65.5700000
SBER;D;20150210;000000;65.0000000
SBER;D;20150211;000000;65.1200000
SBER;D;20150212;000000;67.2100000
SBER;D;20150213;000000;70.6000000
SBER;D;20150216;000000;70.0000000
SBER;D;20150217;000000;72.4500000
SBER;D;20150218;000000;76.4000000
SBER;D;20150219;000000;73.7800000
SBER;D;20150220;000000;74.7500000
SBER;D;20150224;000000;73.7000000
SBER;D;20150225;000000;74.2000000
SBER;D;20150226;000000;75.9500000
SBER;D;20150227;000000;75.9100000
SBER;D;20150302;000000;76.2000000
SBER;D;20150303;000000;75.5500000
SBER;D;20150304;000000;72.3100000
SBER;D;20150305;000000;72.7000000
SBER;D;20150306;000000;73.2500000
SBER;D;20150310;000000;69.8000000
SBER;D;20150311;000000;70.6800000
SBER;D;20150312;000000;70.7900000
SBER;D;20150313;000000;67.8700000
SBER;D;20150316;000000;65.5700000
SBER;D;20150317;000000;64.6500000
SBER;D;20150318;000000;65.2600000
SBER;D;20150319;000000;64.9000000
SBER;D;20150320;000000;67.0000000
SBER;D;20150323;000000;65.0000000
SBER;D;20150324;000000;65.6000000
SBER;D;20150325;000000;64.8000000
SBER;D;20150326;000000;62.8500000
SBER;D;20150327;000000;61.0000000
SBER;D;20150330;000000;63.0100000
SBER;D;20150331;000000;62.8800000
SBER;D;20150401;000000;64.5000000
SBER;D;20150402;000000;65.9200000
SBER;D;20150403;000000;65.5000000
SBER;D;20150406;000000;68.9900000
SBER;D;20150407;000000;69.6000000
SBER;D;20150408;000000;69.4000000
SBER;D;20150409;000000;72.0000000
SBER;D;20150410;000000;71.5000000
SBER;D;20150413;000000;74.1000000
SBER;D;20150414;000000;74.0500000
SBER;D;20150415;000000;76.4900000
SBER;D;20150416;000000;76.5000000
SBER;D;20150417;000000;72.5000000
SBER;D;20150420;000000;73.5000000
SBER;D;20150421;000000;75.2400000
SBER;D;20150422;000000;73.9000000
SBER;D;20150423;000000;75.8000000
SBER;D;20150424;000000;75.7500000
SBER;D;20150427;000000;75.2000000
SBER;D;20150428;000000;75.7000000
SBER;D;20150429;000000;75.2000000
SBER;D;20150430;000000;76.9000000
SBER;D;20150505;000000;80.2100000
SBER;D;20150506;000000;79.2000000
SBER;D;20150507;000000;76.5000000
SBER;D;20150508;000000;75.5000000
SBER;D;20150512;000000;75.1900000
SBER;D;20150513;000000;75.2400000
SBER;D;20150514;000000;74.3100000
SBER;D;20150515;000000;75.0500000
SBER;D;20150518;000000;75.3600000
SBER;D;20150519;000000;73.3500000
SBER;D;20150520;000000;71.6000000
SBER;D;20150521;000000;73.2500000
SBER;D;20150522;000000;74.3500000
SBER;D;20150525;000000;74.4600000
SBER;D;20150526;000000;74.6700000
SBER;D;20150527;000000;74.2300000
SBER;D;20150528;000000;73.6000000
SBER;D;20150529;000000;73.5000000
SBER;D;20150601;000000;72.6500000
SBER;D;20150602;000000;73.9200000
SBER;D;20150603;000000;71.7200000
SBER;D;20150604;000000;71.2500000
SBER;D;20150605;000000;70.6100000
SBER;D;20150608;000000;69.1700000
SBER;D;20150609;000000;70.2100000
SBER;D;20150610;000000;71.5100000
SBER;D;20150611;000000;72.5500000
SBER;D;20150615;000000;71.8000000
SBER;D;20150616;000000;73.5000000
SBER;D;20150617;000000;72.8100000
SBER;D;20150618;000000;72.9800000
SBER;D;20150619;000000;71.5600000
SBER;D;20150622;000000;72.0000000
SBER;D;20150623;000000;72.0100000
SBER;D;20150624;000000;71.9800000
SBER;D;20150625;000000;71.4200000
SBER;D;20150626;000000;70.6000000
SBER;D;20150629;000000;70.2000000
SBER;D;20150630;000000;72.3500000
SBER;D;20150701;000000;71.0000000
SBER;D;20150702;000000;70.5400000
SBER;D;20150703;000000;70.6700000
SBER;D;20150706;000000;68.4500000
SBER;D;20150707;000000;68.7700000
SBER;D;20150708;000000;67.7300000
SBER;D;20150709;000000;69.3500000
SBER;D;20150710;000000;71.0600000
SBER;D;20150713;000000;72.9400000
SBER;D;20150714;000000;73.9000000
SBER;D;20150715;000000;74.0000000
SBER;D;20150716;000000;74.2100000
SBER;D;20150717;000000;75.5200000
SBER;D;20150720;000000;74.1000000
SBER;D;20150721;000000;75.5500000
SBER;D;20150722;000000;74.6000000
SBER;D;20150723;000000;72.7000000
SBER;D;20150724;000000;70.4500000
SBER;D;20150727;000000;68.4800000
SBER;D;20150728;000000;69.5500000
SBER;D;20150729;000000;71.2000000
SBER;D;20150730;000000;72.2000000
SBER;D;20150731;000000;72.3000000
SBER;D;20150803;000000;71.1000000
SBER;D;20150804;000000;72.3000000
SBER;D;20150805;000000;73.4900000
SBER;D;20150806;000000;72.2500000
SBER;D;20150807;000000;74.2000000
SBER;D;20150810;000000;75.1600000
SBER;D;20150811;000000;73.2000000
SBER;D;20150812;000000;73.4000000
SBER;D;20150813;000000;73.7000000
SBER;D;20150814;000000;74.4300000
SBER;D;20150817;000000;73.0000000
SBER;D;20150818;000000;72.4500000
SBER;D;20150819;000000;71.5000000
SBER;D;20150820;000000;72.0500000
SBER;D;20150821;000000;69.8600000
SBER;D;20150824;000000;68.5300000
SBER;D;20150825;000000;70.7900000
SBER;D;20150826;000000;71.0000000
SBER;D;20150827;000000;73.8000000
SBER;D;20150828;000000;74.8200000
SBER;D;20150831;000000;74.5000000
SBER;D;20150901;000000;73.1400000
SBER;D;20150902;000000;72.9000000
SBER;D;20150903;000000;74.1500000
SBER;D;20150904;000000;73.9600000
SBER;D;20150907;000000;73.8100000
SBER;D;20150908;000000;74.9000000
SBER;D;20150909;000000;74.6500000
SBER;D;20150910;000000;74.3000000
SBER;D;20150911;000000;74.1000000
SBER;D;20150914;000000;74.8800000
SBER;D;20150915;000000;74.8500000
SBER;D;20150916;000000;77.7100000
SBER;D;20150917;000000;76.4900000
SBER;D;20150918;000000;75.5000000
SBER;D;20150921;000000;75.9400000
SBER;D;20150922;000000;74.3900000
SBER;D;20150923;000000;73.7400000
SBER;D;20150924;000000;73.3300000
SBER;D;20150925;000000;74.9700000
SBER;D;20150928;000000;74.5700000
SBER;D;20150929;000000;75.5000000
SBER;D;20150930;000000;75.3000000
SBER;D;20151001;000000;74.5100000
SBER;D;20151002;000000;73.8000000
SBER;D;20151005;000000;76.2000000
SBER;D;20151006;000000;77.3100000
SBER;D;20151007;000000;79.6500000
SBER;D;20151008;000000;83.1100000
SBER;D;20151009;000000;85.7700000
SBER;D;20151012;000000;85.4500000
SBER;D;20151013;000000;85.0000000
SBER;D;20151014;000000;86.8100000
SBER;D;20151015;000000;87.7000000
SBER;D;20151016;000000;88.5200000
SBER;D;20151019;000000;87.0700000
SBER;D;20151020;000000;88.1400000
SBER;D;20151021;000000;86.9500000
SBER;D;20151022;000000;86.5300000
SBER;D;20151023;000000;90.4500000
SBER;D;20151026;000000;92.3000000
SBER;D;20151027;000000;89.0000000
SBER;D;20151028;000000;90.0500000
SBER;D;20151029;000000;88.6000000
SBER;D;20151030;000000;90.5300000
SBER;D;20151102;000000;93.6500000
SBER;D;20151103;000000;95.4000000
SBER;D;20151105;000000;95.5000000
SBER;D;20151106;000000;94.0900000
SBER;D;20151109;000000;92.9500000
SBER;D;20151110;000000;94.3500000
SBER;D;20151111;000000;94.0000000
SBER;D;20151112;000000;94.2900000
SBER;D;20151113;000000;93.4000000
SBER;D;20151116;000000;95.8000000
SBER;D;20151117;000000;102.5000000
SBER;D;20151118;000000;104.0000000
SBER;D;20151119;000000;104.8600000
SBER;D;20151120;000000;107.3000000
SBER;D;20151123;000000;109.9800000
SBER;D;20151124;000000;105.6000000
SBER;D;20151125;000000;108.5100000
SBER;D;20151126;000000;106.4800000
SBER;D;20151127;000000;104.5500000
SBER;D;20151130;000000;102.9000000
SBER;D;20151201;000000;101.3000000
SBER;D;20151202;000000;102.5000000
SBER;D;20151203;000000;104.0000000
SBER;D;20151204;000000;103.0500000
SBER;D;20151207;000000;103.0000000
SBER;D;20151208;000000;97.0000000
SBER;D;20151209;000000;100.6600000
SBER;D;20151210;000000;100.1300000
SBER;D;20151211;000000;98.1500000
SBER;D;20151214;000000;97.7000000
SBER;D;20151215;000000;100.0000000
SBER;D;20151216;000000;102.4500000
SBER;D;20151217;000000;103.7500000
SBER;D;20151218;000000;98.8100000
SBER;D;20151221;000000;98.7300000
SBER;D;20151222;000000;99.8000000
SBER;D;20151223;000000;102.9600000
SBER;D;20151224;000000;101.3500000
SBER;D;20151225;000000;101.3400000
SBER;D;20151228;000000;100.2000000
SBER;D;20151229;000000;101.8200000
SBER;D;20151230;000000;101.2600000
SBER;D;20160104;000000;98.0100000
SBER;D;20160105;000000;98.8900000
SBER;D;20160106;000000;96.8500000
SBER;D;20160111;000000;91.0300000
SBER;D;20160112;000000;91.7100000
SBER;D;20160113;000000;91.5000000
SBER;D;20160114;000000;93.0400000
SBER;D;20160115;000000;87.2700000
SBER;D;20160118;000000;86.1500000
SBER;D;20160119;000000;86.6800000
SBER;D;20160120;000000;83.8300000
SBER;D;20160121;000000;86.0000000
SBER;D;20160122;000000;91.5000000
SBER;D;20160125;000000;91.0000000
SBER;D;20160126;000000;91.5000000
SBER;D;20160127;000000;95.7500000
SBER;D;20160128;000000;96.6900000
SBER;D;20160129;000000;96.5000000
SBER;D;20160201;000000;96.5000000
SBER;D;20160202;000000;94.4000000
SBER;D;20160203;000000;94.5300000
SBER;D;20160204;000000;97.5700000
SBER;D;20160205;000000;97.2000000
SBER;D;20160208;000000;94.7000000
SBER;D;20160209;000000;93.8900000
SBER;D;20160210;000000;96.3500000
SBER;D;20160211;000000;94.2000000
SBER;D;20160212;000000;94.8500000
SBER;D;20160215;000000;95.2500000
SBER;D;20160216;000000;96.5100000
SBER;D;20160217;000000;99.2000000
SBER;D;20160218;000000;102.7000000
SBER;D;20160219;000000;101.5000000
SBER;D;20160220;000000;102.3500000
SBER;D;20160222;000000;103.2000000
SBER;D;20160224;000000;102.1000000
SBER;D;20160225;000000;104.0500000
SBER;D;20160226;000000;106.2400000
SBER;D;20160229;000000;107.0000000
SBER;D;20160301;000000;108.2600000
SBER;D;20160302;000000;106.1200000
SBER;D;20160303;000000;106.9900000
SBER;D;20160304;000000;108.9900000
SBER;D;20160307;000000;109.4700000
SBER;D;20160309;000000;108.1500000
SBER;D;20160310;000000;108.8400000
SBER;D;20160311;000000;109.2600000
SBER;D;20160314;000000;109.2600000
SBER;D;20160315;000000;106.4600000
SBER;D;20160316;000000;107.0000000
SBER;D;20160317;000000;109.4700000
SBER;D;20160318;000000;112.4000000
SBER;D;20160321;000000;112.0700000
SBER;D;20160322;000000;111.4900000
SBER;D;20160323;000000;109.1000000
SBER;D;20160324;000000;108.0600000
SBER;D;20160325;000000;109.1000000
SBER;D;20160328;000000;108.1200000
SBER;D;20160329;000000;107.0500000
SBER;D;20160330;000000;109.1500000
SBER;D;20160331;000000;109.9000000
SBER;D;20160401;000000;108.5200000
SBER;D;20160404;000000;108.2000000
SBER;D;20160405;000000;106.8700000
SBER;D;20160406;000000;108.0000000
SBER;D;20160407;000000;108.5100000
SBER;D;20160408;000000;112.9200000
SBER;D;20160411;000000;117.3500000
SBER;D;20160412;000000;117.9500000
SBER;D;20160413;000000;119.5000000
SBER;D;20160414;000000;119.3000000
SBER;D;20160415;000000;119.3000000
SBER;D;20160418;000000;118.2000000
SBER;D;20160419;000000;121.5000000
SBER;D;20160420;000000;123.7500000
SBER;D;20160421;000000;119.1700000
SBER;D;20160422;000000;121.2500000
SBER;D;20160425;000000;120.0800000
SBER;D;20160426;000000;119.7000000
SBER;D;20160427;000000;120.8000000
SBER;D;20160428;000000;124.3900000
SBER;D;20160429;000000;123.5500000
SBER;D;20160504;000000;120.9600000
SBER;D;20160505;000000;120.9200000
SBER;D;20160506;000000;120.6400000
SBER;D;20160510;000000;119.5500000
SBER;D;20160511;000000;123.4500000
SBER;D;20160512;000000;121.2000000
SBER;D;20160513;000000;121.0700000
SBER;D;20160516;000000;122.6000000
SBER;D;20160517;000000;122.7100000
SBER;D;20160518;000000;123.1200000
SBER;D;20160519;000000;120.5000000
SBER;D;20160520;000000;121.9000000
SBER;D;20160523;000000;121.5100000
SBER;D;20160524;000000;123.5000000
SBER;D;20160525;000000;127.8700000
SBER;D;20160526;000000;132.1600000
SBER;D;20160527;000000;133.2000000
SBER;D;20160530;000000;134.4500000
SBER;D;20160531;000000;132.5600000
SBER;D;20160601;000000;131.3600000
SBER;D;20160602;000000;132.3000000
SBER;D;20160603;000000;131.5900000
SBER;D;20160606;000000;133.9900000
SBER;D;20160607;000000;139.9700000
SBER;D;20160608;000000;139.3900000
SBER;D;20160609;000000;139.6100000
SBER;D;20160610;000000;133.5000000
SBER;D;20160614;000000;127.0800000
SBER;D;20160615;000000;129.8900000
SBER;D;20160616;000000;127.1000000
SBER;D;20160617;000000;128.7000000
SBER;D;20160620;000000;132.1300000
SBER;D;20160621;000000;133.3900000
SBER;D;20160622;000000;134.8100000
SBER;D;20160623;000000;138.0000000
SBER;D;20160624;000000;133.4000000
SBER;D;20160627;000000;126.2000000
SBER;D;20160628;000000;129.5700000
SBER;D;20160629;000000;133.8800000
SBER;D;20160630;000000;133.0000000
SBER;D;20160701;000000;133.8500000
SBER;D;20160704;000000;134.6000000
SBER;D;20160705;000000;131.8500000
SBER;D;20160706;000000;129.3600000
SBER;D;20160707;000000;131.8000000
SBER;D;20160708;000000;134.4100000
SBER;D;20160711;000000;137.2000000
SBER;D;20160712;000000;140.4000000
SBER;D;20160713;000000;139.4000000
SBER;D;20160714;000000;140.0000000
SBER;D;20160715;000000;138.1200000
SBER;D;20160718;000000;139.9300000
SBER;D;20160719;000000;139.4700000
SBER;D;20160720;000000;138.5700000
SBER;D;20160721;000000;138.5000000
SBER;D;20160722;000000;137.8000000
SBER;D;20160725;000000;136.0000000
SBER;D;20160726;000000;135.7500000
SBER;D;20160727;000000;136.9000000
SBER;D;20160728;000000;136.8500000
SBER;D;20160729;000000;139.1500000
SBER;D;20160801;000000;138.5200000
SBER;D;20160802;000000;135.0600000
SBER;D;20160803;000000;135.7300000
SBER;D;20160804;000000;137.1400000
SBER;D;20160805;000000;138.6900000
SBER;D;20160808;000000;139.4500000
SBER;D;20160809;000000;139.2000000
SBER;D;20160810;000000;138.3000000
SBER;D;20160811;000000;139.7000000
SBER;D;20160812;000000;139.4500000
SBER;D;20160815;000000;139.5000000
SBER;D;20160816;000000;138.1000000
SBER;D;20160817;000000;138.4400000
SBER;D;20160818;000000;137.0000000
SBER;D;20160819;000000;135.8000000
SBER;D;20160822;000000;137.3700000
SBER;D;20160823;000000;140.3500000
SBER;D;20160824;000000;139.5000000
SBER;D;20160825;000000;142.8400000
SBER;D;20160826;000000;145.2500000
SBER;D;20160829;000000;143.5500000
SBER;D;20160830;000000;143.1800000
SBER;D;20160831;000000;143.5000000
SBER;D;20160901;000000;144.2500000
SBER;D;20160902;000000;146.8800000
SBER;D;20160905;000000;149.5000000
SBER;D;20160906;000000;150.6400000
SBER;D;20160907;000000;154.3300000
SBER;D;20160908;000000;153.4500000
SBER;D;20160909;000000;151.6000000
SBER;D;20160912;000000;151.4300000
SBER;D;20160913;000000;149.8000000
SBER;D;20160914;000000;150.8600000
SBER;D;20160915;000000;149.1400000
SBER;D;20160916;000000;147.0000000
SBER;D;20160919;000000;148.6600000
SBER;D;20160920;000000;149.3000000
SBER;D;20160921;000000;150.6700000
SBER;D;20160922;000000;154.1800000
SBER;D;20160923;000000;151.5000000
SBER;D;20160926;000000;149.1000000
SBER;D;20160927;000000;147.5300000
SBER;D;20160928;000000;147.1800000
SBER;D;20160929;000000;148.4700000
SBER;D;20160930;000000;145.3400000
SBER;D;20161003;000000;148.8700000
SBER;D;20161004;000000;148.1000000
SBER;D;20161005;000000;147.9500000
SBER;D;20161006;000000;148.9000000
SBER;D;20161007;000000;148.7400000
SBER;D;20161010;000000;151.2700000
SBER;D;20161011;000000;151.3000000
SBER;D;20161012;000000;149.2000000
SBER;D;20161013;000000;146.0900000
SBER;D;20161014;000000;146.7300000
SBER;D;20161017;000000;146.4600000
SBER;D;20161018;000000;147.7400000
SBER;D;20161019;000000;148.6000000
SBER;D;20161020;000000;148.2600000
SBER;D;20161021;000000;148.4200000
SBER;D;20161024;000000;149.1500000
SBER;D;20161025;000000;151.5700000
SBER;D;20161026;000000;150.6700000
SBER;D;20161027;000000;149.3000000
SBER;D;20161028;000000;149.2000000
SBER;D;20161031;000000;147.4000000
SBER;D;20161101;000000;145.8500000
SBER;D;20161102;000000;142.3600000
SBER;D;20161103;000000;142.7500000
SBER;D;20161107;000000;143.4000000
SBER;D;20161108;000000;146.1100000
SBER;D;20161109;000000;151.0400000
SBER;D;20161110;000000;153.3600000
SBER;D;20161111;000000;151.5100000
SBER;D;20161114;000000;150.4000000
SBER;D;20161115;000000;149.8500000
SBER;D;20161116;000000;149.9400000
SBER;D;20161117;000000;149.7500000
SBER;D;20161118;000000;150.0500000
SBER;D;20161121;000000;153.0000000
SBER;D;20161122;000000;155.0000000
SBER;D;20161123;000000;155.2300000
SBER;D;20161124;000000;161.1500000
SBER;D;20161125;000000;160.3600000
SBER;D;20161128;000000;159.4000000
SBER;D;20161129;000000;158.0700000
SBER;D;20161130;000000;158.7000000
SBER;D;20161201;000000;158.7000000
SBER;D;20161202;000000;159.4000000
SBER;D;20161205;000000;162.0200000
SBER;D;20161206;000000;159.3500000
SBER;D;20161207;000000;159.9500000
SBER;D;20161208;000000;168.9800000
SBER;D;20161209;000000;169.6600000
SBER;D;20161212;000000;175.4000000
SBER;D;20161213;000000;176.9000000
SBER;D;20161214;000000;173.7000000
SBER;D;20161215;000000;174.9200000
SBER;D;20161216;000000;173.9000000
SBER;D;20161219;000000;174.3000000
SBER;D;20161220;000000;175.9000000
SBER;D;20161221;000000;174.7100000
SBER;D;20161222;000000;170.0000000
SBER;D;20161223;000000;171.1500000
SBER;D;20161226;000000;171.9700000
SBER;D;20161227;000000;172.2700000
SBER;D;20161228;000000;170.1000000
SBER;D;20161229;000000;171.3000000
SBER;D;20161230;000000;173.2500000
SBER;D;20170103;000000;180.1200000
SBER;D;20170104;000000;175.9500000
SBER;D;20170105;000000;171.9000000
SBER;D;20170106;000000;170.6900000
SBER;D;20170109;000000;168.3500000
SBER;D;20170110;000000;171.6000000
SBER;D;20170111;000000;169.0500000
SBER;D;20170112;000000;168.2700000
SBER;D;20170113;000000;164.9000000
SBER;D;20170116;000000;164.6600000
SBER;D;20170117;000000;165.9800000
SBER;D;20170118;000000;165.2400000
SBER;D;20170119;000000;166.3000000
SBER;D;20170120;000000;167.4900000
SBER;D;20170123;000000;166.7500000
SBER;D;20170124;000000;170.2500000
SBER;D;20170125;000000;170.2600000
SBER;D;20170126;000000;173.7900000
SBER;D;20170127;000000;178.9200000
SBER;D;20170130;000000;174.6000000
SBER;D;20170131;000000;172.2000000
SBER;D;20170201;000000;173.9000000
SBER;D;20170202;000000;172.8300000
SBER;D;20170203;000000;173.8000000
SBER;D;20170206;000000;172.8700000
SBER;D;20170207;000000;173.4700000
SBER;D;20170208;000000;171.2000000
SBER;D;20170209;000000;168.8000000
SBER;D;20170210;000000;165.5000000
SBER;D;20170213;000000;164.7000000
SBER;D;20170214;000000;162.7000000
SBER;D;20170215;000000;163.5000000
SBER;D;20170216;000000;166.4900000
SBER;D;20170217;000000;165.4900000
SBER;D;20170220;000000;165.4400000
SBER;D;20170221;000000;167.0000000
SBER;D;20170222;000000;165.9000000
SBER;D;20170224;000000;165.5100000
SBER;D;20170227;000000;160.9500000
SBER;D;20170228;000000;156.0000000
SBER;D;20170301;000000;160.0000000
SBER;D;20170302;000000;163.4000000
SBER;D;20170303;000000;164.4000000
SBER;D;20170306;000000;162.0000000
SBER;D;20170307;000000;160.9800000
SBER;D;20170309;000000;156.2000000
SBER;D;20170310;000000;157.5000000
SBER;D;20170313;000000;158.9200000
SBER;D;20170314;000000;157.4200000
SBER;D;20170315;000000;156.2000000
SBER;D;20170316;000000;158.3500000
SBER;D;20170317;000000;161.1500000
SBER;D;20170320;000000;163.8000000
SBER;D;20170321;000000;162.9800000
SBER;D;20170322;000000;162.9200000
SBER;D;20170323;000000;164.1500000
SBER;D;20170324;000000;164.5200000
SBER;D;20170327;000000;162.6900000
SBER;D;20170328;000000;163.6600000
SBER;D;20170329;000000;163.2200000
SBER;D;20170330;000000;163.5000000
SBER;D;20170331;000000;159.8000000
SBER;D;20170403;000000;161.8000000
SBER;D;20170404;000000;163.5000000
SBER;D;20170405;000000;168.1000000
SBER;D;20170406;000000;167.4900000
SBER;D;20170407;000000;161.4900000
SBER;D;20170410;000000;155.2000000
SBER;D;20170411;000000;156.0000000
SBER;D;20170412;000000;150.2800000
SBER;D;20170413;000000;152.0000000
SBER;D;20170414;000000;149.2400000
SBER;D;20170417;000000;153.9900000
SBER;D;20170418;000000;153.4000000
SBER;D;20170419;000000;153.6000000
SBER;D;20170420;000000;158.2100000
SBER;D;20170421;000000;159.5900000
SBER;D;20170424;000000;162.5000000
SBER;D;20170425;000000;162.5500000
SBER;D;20170426;000000;165.0500000
SBER;D;20170427;000000;164.6900000
SBER;D;20170428;000000;165.2000000
SBER;D;20170502;000000;166.6400000
SBER;D;20170503;000000;164.7100000
SBER;D;20170504;000000;165.5000000
SBER;D;20170505;000000;165.8000000
SBER;D;20170510;000000;170.8000000
SBER;D;20170511;000000;169.9700000
SBER;D;20170512;000000;167.7000000
SBER;D;20170515;000000;171.3500000
SBER;D;20170516;000000;170.6600000
SBER;D;20170517;000000;169.2400000
SBER;D;20170518;000000;166.5000000
SBER;D;20170519;000000;168.8700000
SBER;D;20170522;000000;168.0300000
SBER;D;20170523;000000;166.3100000
SBER;D;20170524;000000;165.7000000
SBER;D;20170525;000000;164.0500000
SBER;D;20170526;000000;160.7000000
SBER;D;20170529;000000;163.9000000
SBER;D;20170530;000000;161.6400000
SBER;D;20170531;000000;155.9300000
SBER;D;20170601;000000;153.0000000
SBER;D;20170602;000000;157.1400000
SBER;D;20170605;000000;154.7000000
SBER;D;20170606;000000;152.8000000
SBER;D;20170607;000000;152.8200000
SBER;D;20170608;000000;151.9300000
SBER;D;20170609;000000;150.1300000
SBER;D;20170613;000000;146.0000000
SBER;D;20170614;000000;143.0000000
SBER;D;20170615;000000;139.0000000
SBER;D;20170616;000000;141.6300000
SBER;D;20170619;000000;145.0000000
SBER;D;20170620;000000;144.9000000
SBER;D;20170621;000000;143.4900000
SBER;D;20170622;000000;144.2500000
SBER;D;20170623;000000;144.1000000
SBER;D;20170626;000000;144.4900000
SBER;D;20170627;000000;147.1000000
SBER;D;20170628;000000;145.5000000
SBER;D;20170629;000000;143.8000000
SBER;D;20170630;000000;145.5900000
SBER;D;20170703;000000;147.5000000
SBER;D;20170704;000000;149.3900000
SBER;D;20170705;000000;148.9600000
SBER;D;20170706;000000;150.3500000
SBER;D;20170707;000000;152.1600000
SBER;D;20170710;000000;155.0000000
SBER;D;20170711;000000;156.9100000
SBER;D;20170712;000000;160.8500000
SBER;D;20170713;000000;159.9400000
SBER;D;20170714;000000;161.4000000
SBER;D;20170717;000000;161.9800000
SBER;D;20170718;000000;161.7000000
SBER;D;20170719;000000;164.3400000
SBER;D;20170720;000000;163.9300000
SBER;D;20170721;000000;162.1000000
SBER;D;20170724;000000;161.3300000
SBER;D;20170725;000000;160.2200000
SBER;D;20170726;000000;161.5500000
SBER;D;20170727;000000;166.0000000
SBER;D;20170728;000000;165.4000000
SBER;D;20170731;000000;164.5300000
SBER;D;20170801;000000;166.3100000
SBER;D;20170802;000000;169.9000000
SBER;D;20170803;000000;170.0000000
SBER;D;20170804;000000;169.7300000
SBER;D;20170807;000000;172.7900000
SBER;D;20170808;000000;175.7500000
SBER;D;20170809;000000;173.4000000
SBER;D;20170810;000000;172.2000000
SBER;D;20170811;000000;172.0500000
SBER;D;20170814;000000;172.5100000
SBER;D;20170815;000000;172.3300000
SBER;D;20170816;000000;173.0500000
SBER;D;20170817;000000;172.7200000
SBER;D;20170818;000000;169.5000000
SBER;D;20170821;000000;169.9000000
SBER;D;20170822;000000;171.0000000
SBER;D;20170823;000000;175.3000000
SBER;D;20170824;000000;179.8000000
SBER;D;20170825;000000;180.5100000
SBER;D;20170828;000000;181.8500000
SBER;D;20170829;000000;181.8900000
SBER;D;20170830;000000;183.5000000
SBER;D;20170831;000000;183.5100000
SBER;D;20170901;000000;183.6600000
SBER;D;20170904;000000;184.1000000
SBER;D;20170905;000000;184.1400000
SBER;D;20170906;000000;183.1200000
SBER;D;20170907;000000;184.0000000
SBER;D;20170908;000000;185.8900000
SBER;D;20170911;000000;190.5000000
SBER;D;20170912;000000;189.3200000
SBER;D;20170913;000000;189.1000000
SBER;D;20170914;000000;188.6400000
SBER;D;20170915;000000;188.7500000
SBER;D;20170918;000000;188.0400000
SBER;D;20170919;000000;184.8500000
SBER;D;20170920;000000;186.4700000
SBER;D;20170921;000000;187.3800000
SBER;D;20170922;000000;187.5500000
SBER;D;20170925;000000;191.2000000
SBER;D;20170926;000000;192.5400000
SBER;D;20170927;000000;193.7000000
SBER;D;20170928;000000;191.9600000
SBER;D;20170929;000000;192.3300000
SBER;D;20171002;000000;193.0000000
SBER;D;20171003;000000;192.5000000
SBER;D;20171004;000000;192.0300000
SBER;D;20171005;000000;193.7400000
SBER;D;20171006;000000;194.1600000
SBER;D;20171009;000000;194.0000000
SBER;D;20171010;000000;193.2100000
SBER;D;20171011;000000;195.8300000
SBER;D;20171012;000000;195.5100000
SBER;D;20171013;000000;196.4800000
SBER;D;20171016;000000;197.7000000
SBER;D;20171017;000000;197.2000000
SBER;D;20171018;000000;195.3100000
SBER;D;20171019;000000;192.2000000
SBER;D;20171020;000000;192.9700000
SBER;D;20171023;000000;192.3400000
SBER;D;20171024;000000;192.5000000
SBER;D;20171025;000000;192.0400000
SBER;D;20171026;000000;192.7500000
SBER;D;20171027;000000;196.0500000
SBER;D;20171030;000000;195.0000000
SBER;D;20171031;000000;193.8000000
SBER;D;20171101;000000;194.0500000
SBER;D;20171102;000000;193.8500000
SBER;D;20171103;000000;193.8000000
SBER;D;20171107;000000;205.9600000
SBER;D;20171108;000000;209.0900000
SBER;D;20171109;000000;220.0500000
SBER;D;20171110;000000;217.7000000
SBER;D;20171113;000000;216.6100000
SBER;D;20171114;000000;221.4000000
SBER;D;20171115;000000;225.9500000
SBER;D;20171116;000000;227.5000000
SBER;D;20171117;000000;225.6500000
SBER;D;20171120;000000;224.6000000
SBER;D;20171121;000000;231.0000000
SBER;D;20171122;000000;230.2500000
SBER;D;20171123;000000;225.5600000
SBER;D;20171124;000000;228.0000000
SBER;D;20171127;000000;226.7600000
SBER;D;20171128;000000;230.0000000
SBER;D;20171129;000000;228.2000000
SBER;D;20171130;000000;224.3500000
SBER;D;20171201;000000;221.5000000
SBER;D;20171204;000000;224.6000000
SBER;D;20171205;000000;223.9100000
SBER;D;20171206;000000;223.7500000
SBER;D;20171207;000000;219.8100000
SBER;D;20171208;000000;220.8900000
SBER;D;20171211;000000;227.6900000
SBER;D;20171212;000000;227.9000000
SBER;D;20171213;000000;221.8000000
SBER;D;20171214;000000;229.9000000
SBER;D;20171215;000000;226.5300000
SBER;D;20171218;000000;227.4000000
SBER;D;20171219;000000;224.1000000
SBER;D;20171220;000000;226.0000000
SBER;D;20171221;000000;223.6000000
SBER;D;20171222;000000;221.4400000
SBER;D;20171225;000000;223.3000000
SBER;D;20171226;000000;223.5700000
SBER;D;20171227;000000;226.9800000
SBER;D;20171228;000000;224.2000000
SBER;D;20171229;000000;225.2000000
SBER;D;20180103;000000;231.9000000
SBER;D;20180104;000000;238.8000000
SBER;D;20180105;000000;238.6000000
SBER;D;20180109;000000;240.4000000
SBER;D;20180110;000000;237.7600000
SBER;D;20180111;000000;239.0000000
SBER;D;20180112;000000;237.7500000
SBER;D;20180115;000000;238.8500000
SBER;D;20180116;000000;239.6400000
SBER;D;20180117;000000;239.8200000
SBER;D;20180118;000000;245.5000000
SBER;D;20180119;000000;242.4500000
SBER;D;20180122;000000;243.9900000
SBER;D;20180123;000000;244.4000000
SBER;D;20180124;000000;247.5300000
SBER;D;20180125;000000;250.6400000
SBER;D;20180126;000000;247.0000000
SBER;D;20180129;000000;250.4800000
SBER;D;20180130;000000;257.8000000
SBER;D;20180131;000000;264.5000000
SBER;D;20180201;000000;263.2000000
SBER;D;20180202;000000;257.3200000
SBER;D;20180205;000000;255.6400000
SBER;D;20180206;000000;258.9400000
SBER;D;20180207;000000;257.5800000
SBER;D;20180208;000000;253.1900000
SBER;D;20180209;000000;250.1100000
SBER;D;20180212;000000;255.0500000
SBER;D;20180213;000000;258.3000000
SBER;D;20180214;000000;262.0300000
SBER;D;20180215;000000;264.5800000
SBER;D;20180216;000000;266.9900000
SBER;D;20180219;000000;266.8500000
SBER;D;20180220;000000;267.2200000
SBER;D;20180221;000000;279.2000000
SBER;D;20180222;000000;277.4900000
SBER;D;20180226;000000;279.9700000
SBER;D;20180227;000000;278.2100000
SBER;D;20180228;000000;272.4000000
SBER;D;20180301;000000;275.0000000
SBER;D;20180302;000000;273.0000000
SBER;D;20180305;000000;277.0000000
SBER;D;20180306;000000;274.0300000
SBER;D;20180307;000000;274.0000000
SBER;D;20180309;000000;274.6000000
SBER;D;20180312;000000;274.3000000
SBER;D;20180313;000000;273.9500000
SBER;D;20180314;000000;262.5000000
SBER;D;20180315;000000;254.5100000
SBER;D;20180316;000000;256.1500000
SBER;D;20180319;000000;255.0000000
SBER;D;20180320;000000;257.1500000
SBER;D;20180321;000000;268.8800000
SBER;D;20180322;000000;265.5000000
SBER;D;20180323;000000;262.0000000
SBER;D;20180326;000000;255.0000000
SBER;D;20180327;000000;258.0000000
SBER;D;20180328;000000;251.5000000
SBER;D;20180329;000000;252.9000000
SBER;D;20180330;000000;253.5700000
SBER;D;20180402;000000;249.9900000
SBER;D;20180403;000000;251.6000000
SBER;D;20180404;000000;255.6900000
SBER;D;20180405;000000;262.0000000
SBER;D;20180406;000000;256.7600000
SBER;D;20180409;000000;213.0000000
SBER;D;20180410;000000;215.4800000
SBER;D;20180411;000000;208.0000000
SBER;D;20180412;000000;212.2100000
SBER;D;20180413;000000;204.7000000
SBER;D;20180416;000000;192.0600000
SBER;D;20180417;000000;207.5000000
SBER;D;20180418;000000;215.8700000
SBER;D;20180419;000000;213.4500000
SBER;D;20180420;000000;215.3600000
SBER;D;20180423;000000;223.2500000
SBER;D;20180424;000000;223.0000000
SBER;D;20180425;000000;220.4500000
SBER;D;20180426;000000;220.7000000
SBER;D;20180427;000000;223.9100000
SBER;D;20180428;000000;224.8000000
SBER;D;20180430;000000;226.9900000
SBER;D;20180502;000000;229.0200000
SBER;D;20180503;000000;228.0300000
SBER;D;20180504;000000;228.5500000
SBER;D;20180507;000000;229.8600000
SBER;D;20180508;000000;226.7000000
SBER;D;20180510;000000;233.7000000
SBER;D;20180511;000000;235.7200000
SBER;D;20180514;000000;237.8000000
SBER;D;20180515;000000;231.3900000
SBER;D;20180516;000000;229.8000000
SBER;D;20180517;000000;226.0500000
SBER;D;20180518;000000;222.2000000
SBER;D;20180521;000000;226.2100000
SBER;D;20180522;000000;225.6000000
SBER;D;20180523;000000;221.0000000
SBER;D;20180524;000000;222.0100000
SBER;D;20180525;000000;220.0000000
SBER;D;20180528;000000;220.9000000
SBER;D;20180529;000000;219.0000000
SBER;D;20180530;000000;221.0100000
SBER;D;20180531;000000;222.3600000
SBER;D;20180601;000000;220.0000000
SBER;D;20180604;000000;220.0000000
SBER;D;20180605;000000;215.5600000
SBER;D;20180606;000000;217.9000000
SBER;D;20180607;000000;216.4100000
SBER;D;20180608;000000;210.9500000
SBER;D;20180609;000000;212.6000000
SBER;D;20180611;000000;210.3500000
SBER;D;20180613;000000;215.0000000
SBER;D;20180614;000000;214.0000000
SBER;D;20180615;000000;209.3600000
SBER;D;20180618;000000;206.3000000
SBER;D;20180619;000000;206.0000000
SBER;D;20180620;000000;212.2000000
SBER;D;20180621;000000;210.4000000
SBER;D;20180622;000000;214.4300000
SBER;D;20180625;000000;202.5100000
SBER;D;20180626;000000;199.9100000
SBER;D;20180627;000000;207.9500000
SBER;D;20180628;000000;208.5000000
SBER;D;20180629;000000;218.0000000
SBER;D;20180702;000000;221.0100000
SBER;D;20180703;000000;218.4500000
SBER;D;20180704;000000;217.7000000
SBER;D;20180705;000000;224.5400000
SBER;D;20180706;000000;226.7100000
SBER;D;20180709;000000;230.0000000
SBER;D;20180710;000000;230.3000000
SBER;D;20180711;000000;227.5700000
SBER;D;20180712;000000;226.6000000
SBER;D;20180713;000000;229.8500000
SBER;D;20180716;000000;227.9900000
SBER;D;20180717;000000;222.5000000
SBER;D;20180718;000000;216.2800000
SBER;D;20180719;000000;207.5000000
SBER;D;20180720;000000;204.3400000
SBER;D;20180723;000000;208.4200000
SBER;D;20180724;000000;215.4500000
SBER;D;20180725;000000;213.7000000
SBER;D;20180726;000000;210.0000000
SBER;D;20180727;000000;208.9000000
SBER;D;20180730;000000;211.3300000
SBER;D;20180731;000000;214.8600000
SBER;D;20180801;000000;210.6000000
SBER;D;20180802;000000;206.6000000
SBER;D;20180803;000000;202.2100000
SBER;D;20180806;000000;203.9000000
SBER;D;20180807;000000;201.7900000
SBER;D;20180808;000000;193.2000000
SBER;D;20180809;000000;195.9000000
SBER;D;20180810;000000;186.1500000
SBER;D;20180813;000000;190.0000000
SBER;D;20180814;000000;192.7600000
SBER;D;20180815;000000;187.9800000
SBER;D;20180816;000000;191.6000000
SBER;D;20180817;000000;189.5500000
SBER;D;20180820;000000;191.2000000
SBER;D;20180821;000000;191.8000000
SBER;D;20180822;000000;187.8000000
SBER;D;20180823;000000;178.7100000
SBER;D;20180824;000000;180.3900000
SBER;D;20180827;000000;183.2700000
SBER;D;20180828;000000;182.0000000
SBER;D;20180829;000000;183.5000000
SBER;D;20180830;000000;178.0000000
SBER;D;20180831;000000;182.0000000
SBER;D;20180903;000000;181.2100000
SBER;D;20180904;000000;179.5000000
SBER;D;20180905;000000;178.4600000
SBER;D;20180906;000000;175.0000000
SBER;D;20180907;000000;174.9000000
SBER;D;20180910;000000;171.2100000
SBER;D;20180911;000000;169.3600000
SBER;D;20180912;000000;173.9000000
SBER;D;20180913;000000;183.5000000
SBER;D;20180914;000000;188.7100000
SBER;D;20180917;000000;188.1100000
SBER;D;20180918;000000;191.6500000
SBER;D;20180919;000000;193.9000000
SBER;D;20180920;000000;191.1600000
SBER;D;20180921;000000;193.4400000
SBER;D;20180924;000000;198.7500000
SBER;D;20180925;000000;195.5500000
SBER;D;20180926;000000;195.7900000
SBER;D;20180927;000000;204.1000000
SBER;D;20180928;000000;203.3200000
SBER;D;20181001;000000;204.2000000
SBER;D;20181002;000000;199.5000000
SBER;D;20181003;000000;198.3000000
SBER;D;20181004;000000;189.3500000
SBER;D;20181005;000000;187.2000000
SBER;D;20181008;000000;191.8500000
SBER;D;20181009;000000;191.2500000
SBER;D;20181010;000000;189.8900000
SBER;D;20181011;000000;185.2700000
SBER;D;20181012;000000;191.8500000
SBER;D;20181015;000000;190.9200000
SBER;D;20181016;000000;196.0500000
SBER;D;20181017;000000;194.0500000
SBER;D;20181018;000000;191.0000000
SBER;D;20181019;000000;183.8000000
SBER;D;20181022;000000;180.7000000
SBER;D;20181023;000000;181.0000000
SBER;D;20181024;000000;188.0100000
SBER;D;20181025;000000;186.7100000
SBER;D;20181026;000000;181.0000000
SBER;D;20181029;000000;185.5900000
SBER;D;20181030;000000;184.7800000
SBER;D;20181031;000000;189.8000000
SBER;D;20181101;000000;188.6700000
SBER;D;20181102;000000;192.6000000
SBER;D;20181106;000000;197.8000000
SBER;D;20181107;000000;201.9000000
SBER;D;20181108;000000;202.8900000
SBER;D;20181109;000000;195.7500000
SBER;D;20181112;000000;196.8200000
SBER;D;20181113;000000;196.5600000
SBER;D;20181114;000000;199.2000000
SBER;D;20181115;000000;200.1500000
SBER;D;20181116;000000;199.2600000
SBER;D;20181119;000000;197.9900000
SBER;D;20181120;000000;194.2100000
SBER;D;20181121;000000;197.5000000
SBER;D;20181122;000000;199.4000000
SBER;D;20181123;000000;197.3000000
SBER;D;20181126;000000;188.5000000
SBER;D;20181127;000000;191.0300000
SBER;D;20181128;000000;190.2000000
SBER;D;20181129;000000;195.7600000
SBER;D;20181130;000000;194.0000000
SBER;D;20181203;000000;200.3000000
SBER;D;20181204;000000;199.0000000
SBER;D;20181205;000000;196.0000000
SBER;D;20181206;000000;192.1900000
SBER;D;20181207;000000;195.0100000
SBER;D;20181210;000000;191.8000000
SBER;D;20181211;000000;192.5700000
SBER;D;20181212;000000;190.4500000
SBER;D;20181213;000000;189.1700000
SBER;D;20181214;000000;184.9300000
SBER;D;20181217;000000;182.3000000
SBER;D;20181218;000000;186.6000000
SBER;D;20181219;000000;188.8500000
SBER;D;20181220;000000;189.3000000
SBER;D;20181221;000000;186.7900000
SBER;D;20181224;000000;184.3000000
SBER;D;20181225;000000;183.3000000
SBER;D;20181226;000000;183.4000000
SBER;D;20181227;000000;185.0000000
SBER;D;20181228;000000;186.5000000
SBER;D;20181229;000000;186.3000000
SBER;D;20190103;000000;186.9900000
SBER;D;20190104;000000;190.9900000
SBER;D;20190108;000000;191.2400000
SBER;D;20190109;000000;197.0000000
SBER;D;20190110;000000;196.7500000
SBER;D;20190111;000000;196.8000000
SBER;D;20190114;000000;196.8000000
SBER;D;20190115;000000;198.0000000
SBER;D;20190116;000000;201.2600000
SBER;D;20190117;000000;203.3200000
SBER;D;20190118;000000;208.4400000
SBER;D;20190121;000000;207.1700000
SBER;D;20190122;000000;207.9500000
SBER;D;20190123;000000;210.4000000
SBER;D;20190124;000000;212.2000000
SBER;D;20190125;000000;212.0000000
SBER;D;20190128;000000;209.7000000
SBER;D;20190129;000000;213.6100000
SBER;D;20190130;000000;213.1400000
SBER;D;20190131;000000;217.9000000
SBER;D;20190201;000000;216.2900000
SBER;D;20190204;000000;215.5000000
SBER;D;20190205;000000;217.8500000
SBER;D;20190206;000000;216.5900000
SBER;D;20190207;000000;211.0100000
SBER;D;20190208;000000;210.4300000
SBER;D;20190211;000000;214.0000000
SBER;D;20190212;000000;219.1000000
SBER;D;20190213;000000;213.9000000
SBER;D;20190214;000000;204.4300000
SBER;D;20190215;000000;208.0000000
SBER;D;20190218;000000;204.1900000
SBER;D;20190219;000000;202.0800000
SBER;D;20190220;000000;206.8900000
SBER;D;20190221;000000;203.4100000
SBER;D;20190222;000000;205.2500000
SBER;D;20190225;000000;205.8600000
SBER;D;20190226;000000;205.8000000
SBER;D;20190227;000000;205.4000000
SBER;D;20190228;000000;207.8000000
SBER;D;20190301;000000;206.5400000
SBER;D;20190304;000000;205.5000000
SBER;D;20190305;000000;202.9200000
SBER;D;20190306;000000;205.0000000
SBER;D;20190307;000000;203.9500000
SBER;D;20190311;000000;205.2500000
SBER;D;20190312;000000;205.1000000
SBER;D;20190313;000000;206.0000000
SBER;D;20190314;000000;203.6600000
SBER;D;20190315;000000;203.5500000
SBER;D;20190318;000000;205.9000000
SBER;D;20190319;000000;207.7000000
SBER;D;20190320;000000;209.8000000
SBER;D;20190321;000000;210.6100000
SBER;D;20190322;000000;207.7000000
SBER;D;20190325;000000;214.0000000
SBER;D;20190326;000000;218.0000000
SBER;D;20190327;000000;214.1000000
SBER;D;20190328;000000;215.0700000
SBER;D;20190329;000000;214.4200000
SBER;D;20190401;000000;217.7000000
SBER;D;20190402;000000;218.2300000
SBER;D;20190403;000000;219.0500000
SBER;D;20190404;000000;221.8000000
SBER;D;20190405;000000;227.5000000
SBER;D;20190408;000000;232.3000000
SBER;D;20190409;000000;238.0000000
SBER;D;20190410;000000;243.6800000
SBER;D;20190411;000000;238.8600000
SBER;D;20190412;000000;239.5000000
SBER;D;20190415;000000;237.8000000
SBER;D;20190416;000000;233.2400000
SBER;D;20190417;000000;234.3000000
SBER;D;20190418;000000;232.7900000
SBER;D;20190419;000000;232.6000000
SBER;D;20190422;000000;235.4100000
SBER;D;20190423;000000;235.6700000
SBER;D;20190424;000000;236.0000000
SBER;D;20190425;000000;227.8000000
SBER;D;20190426;000000;223.1800000
SBER;D;20190429;000000;228.8000000
SBER;D;20190430;000000;225.1700000
SBER;D;20190502;000000;229.1000000
SBER;D;20190503;000000;232.5200000
SBER;D;20190506;000000;232.8000000
SBER;D;20190507;000000;231.4900000
SBER;D;20190508;000000;230.0000000
SBER;D;20190510;000000;227.0000000
SBER;D;20190513;000000;224.2200000
SBER;D;20190514;000000;227.8800000
SBER;D;20190515;000000;228.6900000
SBER;D;20190516;000000;228.1900000
SBER;D;20190517;000000;226.9400000
SBER;D;20190520;000000;226.0000000
SBER;D;20190521;000000;232.7100000
SBER;D;20190522;000000;235.8600000
SBER;D;20190523;000000;229.3000000
SBER;D;20190524;000000;234.4500000
SBER;D;20190527;000000;236.0000000
SBER;D;20190528;000000;233.1900000
SBER;D;20190529;000000;233.4000000
SBER;D;20190530;000000;232.7500000
SBER;D;20190531;000000;233.2400000
SBER;D;20190603;000000;239.9500000
SBER;D;20190604;000000;236.0000000
SBER;D;20190605;000000;239.0000000
SBER;D;20190606;000000;244.8900000
SBER;D;20190607;000000;248.2800000
SBER;D;20190610;000000;249.0000000
SBER;D;20190611;000000;235.8900000
SBER;D;20190613;000000;240.4900000
SBER;D;20190614;000000;238.8000000
SBER;D;20190617;000000;237.8000000
SBER;D;20190618;000000;241.8000000
SBER;D;20190619;000000;240.4000000
SBER;D;20190620;000000;244.1000000
SBER;D;20190621;000000;238.0200000
SBER;D;20190624;000000;239.0900000
SBER;D;20190625;000000;236.7000000
SBER;D;20190626;000000;240.5900000
SBER;D;20190627;000000;240.5000000
SBER;D;20190628;000000;238.5500000
SBER;D;20190701;000000;242.9800000
SBER;D;20190702;000000;241.2000000
SBER;D;20190703;000000;241.5100000
SBER;D;20190704;000000;242.8200000
SBER;D;20190705;000000;242.8300000
SBER;D;20190708;000000;243.3000000
SBER;D;20190709;000000;242.7400000
SBER;D;20190710;000000;243.7600000
SBER;D;20190711;000000;241.3000000
SBER;D;20190712;000000;237.0200000
SBER;D;20190715;000000;235.2700000
SBER;D;20190716;000000;234.7500000
SBER;D;20190717;000000;234.6300000
SBER;D;20190718;000000;234.7800000
SBER;D;20190719;000000;232.8500000
SBER;D;20190722;000000;230.3500000
SBER;D;20190723;000000;232.4800000
SBER;D;20190724;000000;230.6500000
SBER;D;20190725;000000;232.9000000
SBER;D;20190726;000000;230.5500000
SBER;D;20190729;000000;232.8000000
SBER;D;20190730;000000;236.0000000
SBER;D;20190731;000000;233.4900000
SBER;D;20190801;000000;229.5000000
SBER;D;20190802;000000;220.8100000
SBER;D;20190805;000000;222.2400000
SBER;D;20190806;000000;226.0100000
SBER;D;20190807;000000;222.2500000
SBER;D;20190808;000000;223.9300000
SBER;D;20190809;000000;220.6700000
SBER;D;20190812;000000;222.3000000
SBER;D;20190813;000000;223.1800000
SBER;D;20190814;000000;217.1100000
SBER;D;20190815;000000;214.5900000
SBER;D;20190816;000000;215.0500000
SBER;D;20190819;000000;217.4000000
SBER;D;20190820;000000;216.0000000
SBER;D;20190821;000000;218.6200000
SBER;D;20190822;000000;219.5000000
SBER;D;20190823;000000;219.5000000
SBER;D;20190826;000000;218.5000000
SBER;D;20190827;000000;217.8900000
SBER;D;20190828;000000;218.3000000
SBER;D;20190829;000000;221.5000000
SBER;D;20190830;000000;224.2000000
SBER;D;20190902;000000;226.6800000
SBER;D;20190903;000000;224.0000000
SBER;D;20190904;000000;227.1000000
SBER;D;20190905;000000;230.7900000
SBER;D;20190906;000000;229.0200000
SBER;D;20190909;000000;229.0000000
SBER;D;20190910;000000;233.3000000
SBER;D;20190911;000000;234.7200000
SBER;D;20190912;000000;234.5700000
SBER;D;20190913;000000;233.0000000
SBER;D;20190916;000000;235.3200000
SBER;D;20190917;000000;235.8900000
SBER;D;20190918;000000;235.3000000
SBER;D;20190919;000000;234.9800000
SBER;D;20190920;000000;232.0000000
SBER;D;20190923;000000;229.7000000
SBER;D;20190924;000000;227.5000000
SBER;D;20190925;000000;228.0900000
SBER;D;20190926;000000;229.0900000
SBER;D;20190927;000000;228.0500000
SBER;D;20190930;000000;227.7100000
SBER;D;20191001;000000;226.4900000
SBER;D;20191002;000000;223.5000000
SBER;D;20191003;000000;224.0800000
SBER;D;20191004;000000;222.7600000
SBER;D;20191007;000000;227.5500000
SBER;D;20191008;000000;226.0300000
SBER;D;20191009;000000;227.7000000
SBER;D;20191010;000000;228.5000000
SBER;D;20191011;000000;230.3100000
SBER;D;20191014;000000;228.4000000
SBER;D;20191015;000000;229.4000000
SBER;D;20191016;000000;231.0000000
SBER;D;20191017;000000;233.5000000
SBER;D;20191018;000000;235.5500000
SBER;D;20191021;000000;234.9400000
SBER;D;20191022;000000;239.7700000
SBER;D;20191023;000000;239.5700000
SBER;D;20191024;000000;242.7800000
SBER;D;20191025;000000;240.0000000
SBER;D;20191028;000000;237.0300000
SBER;D;20191029;000000;240.1100000
SBER;D;20191030;000000;239.5100000
SBER;D;20191031;000000;234.8900000
SBER;D;20191101;000000;236.4000000
SBER;D;20191105;000000;238.5300000
SBER;D;20191106;000000;239.0200000
SBER;D;20191107;000000;242.5000000
SBER;D;20191108;000000;240.1700000
SBER;D;20191111;000000;241.5000000
SBER;D;20191112;000000;239.8700000
SBER;D;20191113;000000;237.2100000
SBER;D;20191114;000000;237.5000000
SBER;D;20191115;000000;240.0000000
SBER;D;20191118;000000;237.4500000
SBER;D;20191119;000000;239.2500000
SBER;D;20191120;000000;237.7800000
SBER;D;20191121;000000;237.1500000
SBER;D;20191122;000000;238.1300000
SBER;D;20191125;000000;237.9800000
SBER;D;20191126;000000;235.0000000
SBER;D;20191127;000000;234.2200000
SBER;D;20191128;000000;235.2000000
SBER;D;20191129;000000;233.9800000
SBER;D;20191202;000000;233.7700000
SBER;D;20191203;000000;230.6600000
SBER;D;20191204;000000;231.5900000
SBER;D;20191205;000000;231.7100000
SBER;D;20191206;000000;235.1400000
SBER;D;20191209;000000;237.0400000
SBER;D;20191210;000000;237.9100000
SBER;D;20191211;000000;240.3200000
SBER;D;20191212;000000;241.0500000
SBER;D;20191213;000000;241.2100000
SBER;D;20191216;000000;241.4500000
SBER;D;20191217;000000;241.6000000
SBER;D;20191218;000000;246.2000000
SBER;D;20191219;000000;244.0000000
SBER;D;20191220;000000;244.7100000
SBER;D;20191223;000000;248.8000000
SBER;D;20191224;000000;248.6700000
SBER;D;20191225;000000;248.0400000
SBER;D;20191226;000000;248.2400000
SBER;D;20191227;000000;252.0600000
SBER;D;20191230;000000;254.7500000
SBER;D;20200103;000000;255.0000000
SBER;D;20200106;000000;253.9000000
SBER;D;20200108;000000;259.1500000
SBER;D;20200109;000000;257.9900000
SBER;D;20200110;000000;258.1900000
SBER;D;20200113;000000;262.4000000
SBER;D;20200114;000000;259.0500000
SBER;D;20200115;000000;256.3100000
SBER;D;20200116;000000;257.5100000
SBER;D;20200117;000000;262.5000000
SBER;D;20200120;000000;266.2800000
SBER;D;20200121;000000;268.0600000
SBER;D;20200122;000000;266.5400000
SBER;D;20200123;000000;263.7300000
SBER;D;20200124;000000;265.4900000
SBER;D;20200127;000000;255.3200000
SBER;D;20200128;000000;257.7000000
SBER;D;20200129;000000;259.9400000
SBER;D;20200130;000000;257.3100000
SBER;D;20200131;000000;252.2000000
SBER;D;20200203;000000;253.9900000
SBER;D;20200204;000000;255.4000000
SBER;D;20200205;000000;255.2000000
SBER;D;20200206;000000;252.1100000
SBER;D;20200207;000000;254.3000000
SBER;D;20200210;000000;252.2600000
SBER;D;20200211;000000;254.5000000
SBER;D;20200212;000000;254.5000000
SBER;D;20200213;000000;253.8900000
SBER;D;20200214;000000;251.7500000
SBER;D;20200217;000000;251.3600000
SBER;D;20200218;000000;249.2000000
SBER;D;20200219;000000;249.7000000
SBER;D;20200220;000000;250.1500000
SBER;D;20200221;000000;250.8000000
SBER;D;20200225;000000;245.1900000
SBER;D;20200226;000000;250.8000000
SBER;D;20200227;000000;242.8800000
SBER;D;20200228;000000;233.3600000
SBER;D;20200302;000000;228.1700000
SBER;D;20200303;000000;236.6300000
SBER;D;20200304;000000;235.2700000
SBER;D;20200305;000000;232.3300000
SBER;D;20200306;000000;219.9900000
SBER;D;20200310;000000;201.2000000
SBER;D;20200311;000000;194.5300000
SBER;D;20200312;000000;175.9100000
SBER;D;20200313;000000;198.6000000
SBER;D;20200316;000000;195.8500000
SBER;D;20200317;000000;184.0100000
SBER;D;20200318;000000;174.2700000
SBER;D;20200319;000000;189.5100000
SBER;D;20200320;000000;195.6900000
SBER;D;20200323;000000;183.3700000
SBER;D;20200324;000000;192.6400000
SBER;D;20200325;000000;188.0800000
SBER;D;20200326;000000;188.0700000
SBER;D;20200327;000000;180.3800000
SBER;D;20200330;000000;183.0000000
SBER;D;20200331;000000;187.2100000
SBER;D;20200401;000000;184.7800000
SBER;D;20200402;000000;186.9500000
SBER;D;20200403;000000;185.6400000
SBER;D;20200406;000000;190.7000000
SBER;D;20200407;000000;197.6300000
SBER;D;20200408;000000;200.2900000
SBER;D;20200409;000000;203.6100000
SBER;D;20200410;000000;201.9900000
SBER;D;20200413;000000;198.2600000
SBER;D;20200414;000000;197.3700000
SBER;D;20200415;000000;186.0700000
SBER;D;20200416;000000;188.5000000
SBER;D;20200417;000000;191.8000000
SBER;D;20200420;000000;189.3200000
SBER;D;20200421;000000;186.0500000
SBER;D;20200422;000000;190.2000000
SBER;D;20200423;000000;190.9400000
SBER;D;20200424;000000;188.9100000
SBER;D;20200427;000000;188.9000000
SBER;D;20200428;000000;192.8000000
SBER;D;20200429;000000;195.8000000
SBER;D;20200430;000000;197.2500000
SBER;D;20200504;000000;193.6900000
SBER;D;20200505;000000;194.7500000
SBER;D;20200506;000000;195.7000000
SBER;D;20200507;000000;195.5100000
SBER;D;20200508;000000;196.0200000
SBER;D;20200512;000000;191.4000000
SBER;D;20200513;000000;187.3100000
SBER;D;20200514;000000;183.8100000
SBER;D;20200515;000000;183.8500000
SBER;D;20200518;000000;188.9300000
SBER;D;20200519;000000;189.0000000
SBER;D;20200520;000000;193.9800000
SBER;D;20200521;000000;192.4000000
SBER;D;20200522;000000;188.9000000
SBER;D;20200525;000000;191.0000000
SBER;D;20200526;000000;194.0000000
SBER;D;20200527;000000;198.5100000
SBER;D;20200528;000000;205.0000000
SBER;D;20200529;000000;200.5000000
SBER;D;20200601;000000;203.6600000
SBER;D;20200602;000000;212.0000000
SBER;D;20200603;000000;221.5000000
SBER;D;20200604;000000;213.1000000
SBER;D;20200605;000000;219.1000000
SBER;D;20200608;000000;220.3000000
SBER;D;20200609;000000;217.2300000
SBER;D;20200610;000000;212.5300000
SBER;D;20200611;000000;208.3500000
SBER;D;20200615;000000;207.3200000
SBER;D;20200616;000000;207.7600000
SBER;D;20200617;000000;208.1400000
SBER;D;20200618;000000;203.7700000
SBER;D;20200619;000000;207.0000000
SBER;D;20200622;000000;206.4000000
SBER;D;20200623;000000;207.3000000
SBER;D;20200625;000000;206.9200000
SBER;D;20200626;000000;203.1500000
SBER;D;20200629;000000;205.8000000
SBER;D;20200630;000000;203.2200000
SBER;D;20200702;000000;209.6000000
SBER;D;20200703;000000;210.9500000
SBER;D;20200706;000000;214.6100000
SBER;D;20200707;000000;210.5300000
SBER;D;20200708;000000;210.9700000
SBER;D;20200709;000000;209.1100000
SBER;D;20200710;000000;212.2800000
SBER;D;20200713;000000;208.3900000
SBER;D;20200714;000000;209.5000000
SBER;D;20200715;000000;211.0900000
SBER;D;20200716;000000;211.3500000
SBER;D;20200717;000000;210.8100000
SBER;D;20200720;000000;213.8900000
SBER;D;20200721;000000;215.7300000
SBER;D;20200722;000000;216.7100000
SBER;D;20200723;000000;215.4100000
SBER;D;20200724;000000;215.9700000
SBER;D;20200727;000000;216.9000000
SBER;D;20200728;000000;215.5300000
SBER;D;20200729;000000;219.1800000
SBER;D;20200730;000000;218.1500000
SBER;D;20200731;000000;221.5700000
SBER;D;20200803;000000;226.7200000
SBER;D;20200804;000000;227.1600000
SBER;D;20200805;000000;226.4000000
SBER;D;20200806;000000;226.0000000
SBER;D;20200807;000000;227.2800000
SBER;D;20200810;000000;225.9900000
SBER;D;20200811;000000;232.6500000
SBER;D;20200812;000000;242.4000000
SBER;D;20200813;000000;241.3900000
SBER;D;20200814;000000;239.9900000
SBER;D;20200817;000000;237.8000000
SBER;D;20200818;000000;236.3000000
SBER;D;20200819;000000;239.4000000
SBER;D;20200820;000000;232.4800000
SBER;D;20200821;000000;231.2200000
SBER;D;20200824;000000;231.8100000
SBER;D;20200825;000000;228.0800000
SBER;D;20200826;000000;227.8000000
SBER;D;20200827;000000;226.2300000
SBER;D;20200828;000000;226.3000000
SBER;D;20200831;000000;226.1000000
SBER;D;20200901;000000;227.6400000
SBER;D;20200902;000000;222.5700000
SBER;D;20200903;000000;218.3200000
SBER;D;20200904;000000;222.2100000
SBER;D;20200907;000000;221.3200000
SBER;D;20200908;000000;217.6800000
SBER;D;20200909;000000;218.0000000
SBER;D;20200910;000000;220.6000000
SBER;D;20200911;000000;221.0700000
SBER;D;20200914;000000;227.3700000
SBER;D;20200915;000000;231.5000000
SBER;D;20200916;000000;231.0600000
SBER;D;20200917;000000;231.4600000
SBER;D;20200918;000000;230.3000000
SBER;D;20200921;000000;226.2500000
SBER;D;20200922;000000;229.8800000
SBER;D;20200923;000000;228.5000000
SBER;D;20200924;000000;228.1700000
SBER;D;20200925;000000;228.2400000
SBER;D;20200928;000000;228.6300000
SBER;D;20200929;000000;225.4800000
SBER;D;20200930;000000;229.1400000
SBER;D;20201001;000000;227.2300000
SBER;D;20201002;000000;208.8000000
SBER;D;20201005;000000;208.8900000
SBER;D;20201006;000000;211.1800000
SBER;D;20201007;000000;210.6000000
SBER;D;20201008;000000;207.9700000
SBER;D;20201009;000000;205.3800000
SBER;D;20201012;000000;206.1800000
SBER;D;20201013;000000;205.0300000
SBER;D;20201014;000000;207.8300000
SBER;D;20201015;000000;203.8500000
SBER;D;20201016;000000;201.1700000
SBER;D;20201019;000000;202.7800000
SBER;D;20201020;000000;209.5400000
SBER;D;20201021;000000;210.3300000
SBER;D;20201022;000000;210.2100000
SBER;D;20201023;000000;214.5000000
SBER;D;20201026;000000;211.1000000
SBER;D;20201027;000000;207.6400000
SBER;D;20201028;000000;204.7300000
SBER;D;20201029;000000;205.5800000
SBER;D;20201030;000000;200.9900000
SBER;D;20201102;000000;204.5000000
SBER;D;20201103;000000;209.2000000
SBER;D;20201105;000000;216.7000000
SBER;D;20201106;000000;217.5000000
SBER;D;20201109;000000;228.0500000
SBER;D;20201110;000000;236.1000000
SBER;D;20201111;000000;244.2000000
SBER;D;20201112;000000;242.0800000
SBER;D;20201113;000000;242.9900000
SBER;D;20201116;000000;247.9900000
SBER;D;20201117;000000;245.7000000
SBER;D;20201118;000000;242.7100000
SBER;D;20201119;000000;240.2700000
SBER;D;20201120;000000;239.4200000
SBER;D;20201123;000000;239.7000000
SBER;D;20201124;000000;247.3300000
SBER;D;20201125;000000;251.9100000
SBER;D;20201126;000000;250.1000000
SBER;D;20201127;000000;251.5900000
SBER;D;20201130;000000;249.6300000
SBER;D;20201201;000000;260.8100000
SBER;D;20201202;000000;264.0600000
SBER;D;20201203;000000;263.1400000
SBER;D;20201204;000000;270.0000000
SBER;D;20201207;000000;274.3600000
SBER;D;20201208;000000;275.4900000
SBER;D;20201209;000000;276.8900000
SBER;D;20201210;000000;282.2000000
SBER;D;20201211;000000;283.7300000
SBER;D;20201214;000000;279.9500000
SBER;D;20201215;000000;278.7000000
SBER;D;20201216;000000;278.3500000
SBER;D;20201217;000000;278.5000000
SBER;D;20201218;000000;270.1600000
SBER;D;20201221;000000;261.7900000
SBER;D;20201222;000000;262.0400000
SBER;D;20201223;000000;270.1000000
SBER;D;20201224;000000;269.3200000
SBER;D;20201225;000000;270.6400000
SBER;D;20201228;000000;274.7000000
SBER;D;20201229;000000;272.0000000
SBER;D;20201230;000000;271.6500000
SBER;D;20210104;000000;272.0000000
SBER;D;20210105;000000;275.2000000
SBER;D;20210106;000000;272.9300000
SBER;D;20210108;000000;283.6400000
SBER;D;20210111;000000;289.4900000
SBER;D;20210112;000000;289.9900000
SBER;D;20210113;000000;283.7800000
SBER;D;20210114;000000;284.7900000
SBER;D;20210115;000000;276.9000000
SBER;D;20210118;000000;279.7900000
SBER;D;20210119;000000;278.1900000
SBER;D;20210120;000000;279.8000000
SBER;D;20210121;000000;274.4000000
SBER;D;20210122;000000;268.2500000
SBER;D;20210125;000000;265.3000000
SBER;D;20210126;000000;269.3400000
SBER;D;20210127;000000;265.5000000
SBER;D;20210128;000000;265.9600000
SBER;D;20210129;000000;258.1100000
SBER;D;20210201;000000;263.8000000
SBER;D;20210202;000000;263.1500000
SBER;D;20210203;000000;263.5300000
SBER;D;20210204;000000;270.1100000
SBER;D;20210205;000000;271.7000000
SBER;D;20210208;000000;275.2000000
SBER;D;20210209;000000;268.9800000
SBER;D;20210210;000000;265.9000000
SBER;D;20210211;000000;264.7000000
SBER;D;20210212;000000;266.0000000
SBER;D;20210215;000000;271.8100000
SBER;D;20210216;000000;270.9000000
SBER;D;20210217;000000;270.9000000
SBER;D;20210218;000000;266.9900000
SBER;D;20210219;000000;271.3400000
SBER;D;20210220;000000;270.5100000
SBER;D;20210222;000000;273.7100000
SBER;D;20210224;000000;271.9000000
SBER;D;20210225;000000;270.7100000
SBER;D;20210226;000000;270.1700000
SBER;D;20210301;000000;273.5800000
SBER;D;20210302;000000;279.1000000
SBER;D;20210303;000000;278.0100000
SBER;D;20210304;000000;274.7500000
SBER;D;20210305;000000;277.5000000
SBER;D;20210309;000000;285.7900000
SBER;D;20210310;000000;282.2400000
SBER;D;20210311;000000;286.0000000
SBER;D;20210312;000000;284.9300000
SBER;D;20210315;000000;292.7400000
SBER;D;20210316;000000;292.3300000
SBER;D;20210317;000000;283.3500000
SBER;D;20210318;000000;279.2500000
SBER;D;20210319;000000;285.4700000
SBER;D;20210322;000000;288.6500000
SBER;D;20210323;000000;282.6000000
SBER;D;20210324;000000;285.7900000
SBER;D;20210325;000000;286.6600000
SBER;D;20210326;000000;291.2200000
SBER;D;20210329;000000;293.3000000
SBER;D;20210330;000000;293.2500000
SBER;D;20210331;000000;291.0200000
SBER;D;20210401;000000;290.2400000
SBER;D;20210402;000000;291.7000000
SBER;D;20210405;000000;288.7800000
SBER;D;20210406;000000;281.5000000
SBER;D;20210407;000000;283.9800000
SBER;D;20210408;000000;283.8900000
SBER;D;20210409;000000;281.0700000
SBER;D;20210412;000000;281.7500000
SBER;D;20210413;000000;287.9500000
SBER;D;20210414;000000;287.1800000
SBER;D;20210415;000000;283.7200000
SBER;D;20210416;000000;288.5000000
SBER;D;20210419;000000;287.7200000
SBER;D;20210420;000000;287.4200000
SBER;D;20210421;000000;289.2500000
SBER;D;20210422;000000;292.1800000
SBER;D;20210423;000000;293.1900000
SBER;D;20210426;000000;295.2700000
SBER;D;20210427;000000;298.5000000
SBER;D;20210428;000000;298.4900000
SBER;D;20210429;000000;297.1000000
SBER;D;20210430;000000;297.7300000
SBER;D;20210504;000000;303.7000000
SBER;D;20210505;000000;305.9900000
SBER;D;20210506;000000;314.7200000
SBER;D;20210507;000000;317.9400000
SBER;D;20210510;000000;320.1900000
SBER;D;20210511;000000;307.1600000
SBER;D;20210512;000000;302.0200000
SBER;D;20210513;000000;306.7400000
SBER;D;20210514;000000;304.1000000
SBER;D;20210517;000000;303.9400000
SBER;D;20210518;000000;305.7800000
SBER;D;20210519;000000;297.0000000
SBER;D;20210520;000000;296.7200000
SBER;D;20210521;000000;301.2300000
SBER;D;20210524;000000;300.7000000
SBER;D;20210525;000000;306.8000000
SBER;D;20210526;000000;307.0100000
SBER;D;20210527;000000;312.7200000
SBER;D;20210528;000000;309.5600000
SBER;D;20210531;000000;310.7900000
SBER;D;20210601;000000;311.6000000
SBER;D;20210602;000000;313.9800000
SBER;D;20210603;000000;312.4100000
SBER;D;20210604;000000;310.9400000
SBER;D;20210607;000000;315.5300000
SBER;D;20210608;000000;314.8300000
SBER;D;20210609;000000;314.7800000
SBER;D;20210610;000000;314.6200000
SBER;D;20210611;000000;313.0000000
SBER;D;20210614;000000;314.1200000
SBER;D;20210615;000000;312.5100000
SBER;D;20210616;000000;311.6100000
SBER;D;20210617;000000;313.9000000
SBER;D;20210618;000000;309.3000000
SBER;D;20210621;000000;310.4000000
SBER;D;20210622;000000;309.7300000
SBER;D;20210623;000000;309.7900000
SBER;D;20210624;000000;310.0000000
SBER;D;20210625;000000;311.8100000
SBER;D;20210628;000000;309.4800000
SBER;D;20210629;000000;306.1000000
SBER;D;20210630;000000;306.4500000
SBER;D;20210701;000000;305.7800000
SBER;D;20210702;000000;307.3900000
SBER;D;20210705;000000;307.0000000
SBER;D;20210706;000000;303.3400000
SBER;D;20210707;000000;304.0600000
SBER;D;20210708;000000;302.6300000
SBER;D;20210709;000000;303.5600000
SBER;D;20210712;000000;306.2300000
SBER;D;20210713;000000;303.0000000
SBER;D;20210714;000000;301.5000000
SBER;D;20210715;000000;301.7200000
SBER;D;20210716;000000;298.8500000
SBER;D;20210719;000000;291.4600000
SBER;D;20210720;000000;296.1000000
SBER;D;20210721;000000;294.8600000
SBER;D;20210722;000000;297.2700000
SBER;D;20210723;000000;296.3800000
SBER;D;20210726;000000;303.3400000
SBER;D;20210727;000000;299.7100000
SBER;D;20210728;000000;302.9000000
SBER;D;20210729;000000;303.1200000
SBER;D;20210730;000000;305.5900000
SBER;D;20210802;000000;306.5100000
SBER;D;20210803;000000;309.8900000
SBER;D;20210804;000000;311.1000000
SBER;D;20210805;000000;315.8200000
SBER;D;20210806;000000;319.1500000
SBER;D;20210809;000000;326.9100000
SBER;D;20210810;000000;330.1100000
SBER;D;20210811;000000;329.9000000
SBER;D;20210812;000000;328.5700000
SBER;D;20210813;000000;328.6800000
SBER;D;20210816;000000;329.3600000
SBER;D;20210817;000000;334.5000000
SBER;D;20210818;000000;334.9000000
SBER;D;20210819;000000;332.6900000
SBER;D;20210820;000000;325.6700000
SBER;D;20210823;000000;329.2200000
SBER;D;20210824;000000;324.8300000
SBER;D;20210825;000000;324.5700000
SBER;D;20210826;000000;322.5400000
SBER;D;20210827;000000;327.4100000
SBER;D;20210830;000000;328.2800000
SBER;D;20210831;000000;327.9400000
SBER;D;20210901;000000;334.5700000
SBER;D;20210902;000000;329.0000000
SBER;D;20210903;000000;329.7100000
SBER;D;20210906;000000;329.3700000
SBER;D;20210907;000000;325.9600000
SBER;D;20210908;000000;331.7000000
SBER;D;20210909;000000;326.0100000
SBER;D;20210910;000000;326.2500000
SBER;D;20210913;000000;327.4100000
SBER;D;20210914;000000;326.4800000
SBER;D;20210915;000000;333.5100000
SBER;D;20210916;000000;326.9900000
SBER;D;20210917;000000;329.5600000
SBER;D;20210920;000000;326.9200000
SBER;D;20210921;000000;323.2500000
SBER;D;20210922;000000;327.8000000
SBER;D;20210923;000000;327.0200000
SBER;D;20210924;000000;325.4400000
SBER;D;20210927;000000;331.6800000
SBER;D;20210928;000000;329.3000000
SBER;D;20210929;000000;328.4300000
SBER;D;20210930;000000;340.9900000
SBER;D;20211001;000000;338.4800000
SBER;D;20211004;000000;345.8500000
SBER;D;20211005;000000;363.2000000
SBER;D;20211006;000000;364.2800000
SBER;D;20211007;000000;368.9300000
SBER;D;20211008;000000;373.0100000
SBER;D;20211011;000000;387.6000000
SBER;D;20211012;000000;377.7900000
SBER;D;20211013;000000;378.8000000
SBER;D;20211014;000000;376.0900000
SBER;D;20211015;000000;371.8200000
SBER;D;20211018;000000;364.6000000
SBER;D;20211019;000000;373.1800000
SBER;D;20211020;000000;370.1600000
SBER;D;20211021;000000;364.6000000
SBER;D;20211022;000000;364.3700000
SBER;D;20211025;000000;369.9900000
SBER;D;20211026;000000;372.1600000
SBER;D;20211027;000000;371.3600000
SBER;D;20211028;000000;365.3600000
SBER;D;20211029;000000;356.1400000
SBER;D;20211101;000000;370.9600000
SBER;D;20211102;000000;370.7000000
SBER;D;20211103;000000;370.1300000
SBER;D;20211105;000000;360.2100000
SBER;D;20211108;000000;358.3900000
SBER;D;20211109;000000;357.4400000
SBER;D;20211110;000000;348.6500000
SBER;D;20211111;000000;356.2400000
SBER;D;20211112;000000;347.5900000
SBER;D;20211115;000000;344.3900000
SBER;D;20211116;000000;337.9100000
SBER;D;20211117;000000;339.8900000
SBER;D;20211118;000000;336.9300000
SBER;D;20211119;000000;327.5600000
SBER;D;20211122;000000;309.1500000
SBER;D;20211123;000000;326.8400000
SBER;D;20211124;000000;321.2200000
SBER;D;20211125;000000;317.2900000
SBER;D;20211126;000000;304.4200000
SBER;D;20211129;000000;316.5700000
SBER;D;20211130;000000;315.0000000
SBER;D;20211201;000000;324.4000000
SBER;D;20211202;000000;326.8000000
SBER;D;20211203;000000;320.6600000
SBER;D;20211206;000000;307.5000000
SBER;D;20211207;000000;309.7900000
SBER;D;20211208;000000;296.9500000
SBER;D;20211209;000000;300.4000000
SBER;D;20211210;000000;297.4400000
SBER;D;20211213;000000;280.6400000
SBER;D;20211214;000000;284.9000000
SBER;D;20211215;000000;286.6500000
SBER;D;20211216;000000;295.8900000
SBER;D;20211217;000000;294.9000000
SBER;D;20211220;000000;288.4000000
SBER;D;20211221;000000;291.7000000
SBER;D;20211222;000000;294.0000000
SBER;D;20211223;000000;292.8000000
SBER;D;20211224;000000;293.8900000
SBER;D;20211227;000000;295.6800000
SBER;D;20211228;000000;295.0000000
SBER;D;20211229;000000;293.5100000
SBER;D;20211230;000000;293.4900000
SBER;D;20220103;000000;305.4700000
SBER;D;20220104;000000;304.2400000
SBER;D;20220105;000000;287.0100000
SBER;D;20220106;000000;293.9200000
SBER;D;20220110;000000;291.6900000
SBER;D;20220111;000000;291.8800000
SBER;D;20220112;000000;290.4000000
SBER;D;20220113;000000;272.5000000
SBER;D;20220114;000000;261.0000000
SBER;D;20220117;000000;257.7800000
SBER;D;20220118;000000;234.7000000
SBER;D;20220119;000000;244.8600000
SBER;D;20220120;000000;254.6100000
SBER;D;20220121;000000;246.9000000
SBER;D;20220124;000000;236.9700000
SBER;D;20220125;000000;239.5900000
SBER;D;20220126;000000;236.9000000
SBER;D;20220127;000000;254.2900000
SBER;D;20220128;000000;257.8200000
SBER;D;20220131;000000;269.4200000
SBER;D;20220201;000000;264.7000000
SBER;D;20220202;000000;261.0000000
SBER;D;20220203;000000;250.7900000
SBER;D;20220204;000000;256.5300000
SBER;D;20220207;000000;257.6100000
SBER;D;20220208;000000;269.8000000
SBER;D;20220209;000000;279.0900000
SBER;D;20220210;000000;275.2000000
SBER;D;20220211;000000;260.8300000
SBER;D;20220214;000000;256.7000000
SBER;D;20220215;000000;274.0000000
SBER;D;20220216;000000;277.7800000
SBER;D;20220217;000000;260.5800000
SBER;D;20220218;000000;250.2800000
SBER;D;20220221;000000;201.0000000
SBER;D;20220222;000000;208.5300000
SBER;D;20220224;000000;132.1800000
SBER;D;20220225;000000;131.1200000
SBER;D;20220324;000000;136.2400000
SBER;D;20220325;000000;131.5000000
SBER;D;20220328;000000;125.0000000
SBER;D;20220329;000000;128.7700000
SBER;D;20220330;000000;134.6000000
SBER;D;20220331;000000;143.6900000
SBER;D;20220401;000000;154.5000000
SBER;D;20220404;000000;166.0000000
SBER;D;20220405;000000;154.1000000
SBER;D;20220406;000000;141.6000000
SBER;D;20220407;000000;147.5000000
SBER;D;20220408;000000;143.7200000
SBER;D;20220411;000000;138.6900000
SBER;D;20220412;000000;135.3800000
SBER;D;20220413;000000;135.5000000
SBER;D;20220414;000000;129.0500000
SBER;D;20220415;000000;130.8800000
SBER;D;20220418;000000;123.8500000
SBER;D;20220419;000000;120.3000000
SBER;D;20220420;000000;121.5000000
SBER;D;20220421;000000;118.6500000
SBER;D;20220422;000000;116.9700000
SBER;D;20220425;000000;111.9000000
SBER;D;20220426;000000;122.3600000
SBER;D;20220427;000000;131.1100000
SBER;D;20220428;000000;123.8500000
SBER;D;20220429;000000;128.8000000
SBER;D;20220504;000000;123.2000000
SBER;D;20220505;000000;124.8000000
SBER;D;20220506;000000;123.1000000
SBER;D;20220511;000000;123.3400000
SBER;D;20220512;000000;119.1500000
SBER;D;20220513;000000;120.2000000
SBER;D;20220516;000000;123.4100000
SBER;D;20220517;000000;127.7500000
SBER;D;20220518;000000;125.1200000
SBER;D;20220519;000000;125.6000000
SBER;D;20220520;000000;122.2000000
SBER;D;20220523;000000;119.4600000
SBER;D;20220524;000000;123.6000000
SBER;D;20220525;000000;124.1500000
SBER;D;20220526;000000;123.0000000
SBER;D;20220527;000000;121.2200000
SBER;D;20220530;000000;120.6700000
SBER;D;20220531;000000;118.3000000
SBER;D;20220601;000000;121.9700000
SBER;D;20220602;000000;119.0000000
SBER;D;20220603;000000;119.2100000
SBER;D;20220606;000000;118.7800000
SBER;D;20220607;000000;118.3200000
SBER;D;20220608;000000;119.9000000
SBER;D;20220609;000000;118.2000000
SBER;D;20220610;000000;118.0700000
SBER;D;20220614;000000;118.9800000
SBER;D;20220615;000000;121.1400000
SBER;D;20220616;000000;123.7300000
SBER;D;20220617;000000;123.8800000
SBER;D;20220620;000000;131.2900000
SBER;D;20220621;000000;129.1000000
SBER;D;20220622;000000;133.1100000
SBER;D;20220623;000000;136.8500000
SBER;D;20220624;000000;137.7600000
SBER;D;20220627;000000;141.1500000
SBER;D;20220628;000000;139.9900000
SBER;D;20220629;000000;132.8000000
SBER;D;20220630;000000;125.2000000
SBER;D;20220701;000000;129.9100000
SBER;D;20220704;000000;131.4300000
SBER;D;20220705;000000;133.5000000
SBER;D;20220706;000000;134.0000000
SBER;D;20220707;000000;133.0900000
SBER;D;20220708;000000;133.3000000
SBER;D;20220711;000000;126.8000000
SBER;D;20220712;000000;129.0000000
SBER;D;20220713;000000;126.0000000
SBER;D;20220714;000000;125.9000000
SBER;D;20220715;000000;128.9000000
SBER;D;20220718;000000;128.1100000
SBER;D;20220719;000000;127.7600000
SBER;D;20220720;000000;126.4400000
SBER;D;20220721;000000;125.4800000
SBER;D;20220722;000000;128.8200000
SBER;D;20220725;000000;131.4500000
SBER;D;20220726;000000;132.9000000
SBER;D;20220727;000000;132.5000000
SBER;D;20220728;000000;131.7200000
SBER;D;20220729;000000;131.9000000
SBER;D;20220801;000000;127.3400000
SBER;D;20220802;000000;127.5300000
SBER;D;20220803;000000;126.8500000
SBER;D;20220804;000000;126.9500000
SBER;D;20220805;000000;122.4000000
SBER;D;20220808;000000;123.8100000
SBER;D;20220809;000000;126.4000000
SBER;D;20220810;000000;126.2000000
SBER;D;20220811;000000;123.4500000
SBER;D;20220812;000000;124.8800000
SBER;D;20220815;000000;125.0000000
SBER;D;20220816;000000;126.3900000
SBER;D;20220817;000000;124.5000000
SBER;D;20220818;000000;126.3000000
SBER;D;20220819;000000;125.2000000
SBER;D;20220822;000000;126.0600000
SBER;D;20220823;000000;130.3800000
SBER;D;20220824;000000;128.1500000
SBER;D;20220825;000000;128.1800000
SBER;D;20220826;000000;130.4000000
SBER;D;20220829;000000;131.1700000
SBER;D;20220830;000000;130.0500000
SBER;D;20220831;000000;134.2500000
SBER;D;20220901;000000;138.2000000
SBER;D;20220902;000000;143.8000000
SBER;D;20220905;000000;141.0000000
SBER;D;20220906;000000;137.2300000
SBER;D;20220907;000000;136.8600000
SBER;D;20220908;000000;134.5100000
SBER;D;20220909;000000;138.1500000
SBER;D;20220912;000000;138.7000000
SBER;D;20220913;000000;137.0000000
SBER;D;20220914;000000;138.9000000
SBER;D;20220915;000000;139.4800000
SBER;D;20220916;000000;137.7300000
SBER;D;20220919;000000;138.0400000
SBER;D;20220920;000000;125.1000000
SBER;D;20220921;000000;120.2300000
SBER;D;20220922;000000;124.3100000
SBER;D;20220923;000000;119.3900000
SBER;D;20220926;000000;107.0600000
SBER;D;20220927;000000;112.9200000
SBER;D;20220928;000000;111.0600000
SBER;D;20220929;000000;110.4100000
SBER;D;20220930;000000;110.2100000
SBER;D;20221003;000000;114.3500000
SBER;D;20221004;000000;110.5500000
SBER;D;20221005;000000;108.5100000
SBER;D;20221006;000000;108.2400000
SBER;D;20221007;000000;101.5000000
SBER;D;20221010;000000;106.7100000
SBER;D;20221011;000000;107.7200000
SBER;D;20221012;000000;105.9000000
SBER;D;20221013;000000;106.5000000
SBER;D;20221014;000000;107.7800000
SBER;D;20221017;000000;112.4400000
SBER;D;20221018;000000;110.8800000
SBER;D;20221019;000000;112.3900000
SBER;D;20221020;000000;116.9800000
SBER;D;20221021;000000;119.4500000
SBER;D;20221024;000000;118.8000000
SBER;D;20221025;000000;124.3600000
SBER;D;20221026;000000;124.4300000
SBER;D;20221027;000000;126.6100000
SBER;D;20221028;000000;126.9700000
SBER;D;20221031;000000;126.7200000
SBER;D;20221101;000000;127.0500000
SBER;D;20221102;000000;125.4900000
SBER;D;20221103;000000;125.7500000
SBER;D;20221107;000000;132.0000000
SBER;D;20221108;000000;131.2900000
SBER;D;20221109;000000;127.3000000
SBER;D;20221110;000000;136.6800000
SBER;D;20221111;000000;136.9800000
SBER;D;20221114;000000;139.8000000
SBER;D;20221115;000000;135.6600000
SBER;D;20221116;000000;139.1800000
SBER;D;20221117;000000;137.5700000
SBER;D;20221118;000000;136.8900000
SBER;D;20221121;000000;134.4600000
SBER;D;20221122;000000;135.6500000
SBER;D;20221123;000000;136.5900000
SBER;D;20221124;000000;136.6100000
SBER;D;20221125;000000;136.5300000
SBER;D;20221128;000000;135.5300000
SBER;D;20221129;000000;136.3700000
SBER;D;20221130;000000;136.7800000
SBER;D;20221201;000000;137.1500000
SBER;D;20221202;000000;136.6600000
SBER;D;20221205;000000;142.0000000
SBER;D;20221206;000000;140.6100000
SBER;D;20221207;000000;142.3200000
SBER;D;20221208;000000;139.9200000
SBER;D;20221209;000000;140.0300000
SBER;D;20221212;000000;139.4800000
SBER;D;20221213;000000;138.1300000
SBER;D;20221214;000000;137.3000000
SBER;D;20221215;000000;134.5500000
SBER;D;20221216;000000;135.4500000
SBER;D;20221219;000000;134.6400000
SBER;D;20221220;000000;138.2800000
SBER;D;20221221;000000;137.7500000
SBER;D;20221222;000000;137.6900000
SBER;D;20221223;000000;137.9400000
SBER;D;20221226;000000;140.9500000
SBER;D;20221227;000000;139.9000000
SBER;D;20221228;000000;139.5100000
SBER;D;20221229;000000;140.9600000
SBER;D;20221230;000000;141.1500000
SBER;D;20230103;000000;141.7800000
SBER;D;20230104;000000;141.4300000
SBER;D;20230105;000000;141.2700000
SBER;D;20230106;000000;141.4000000
SBER;D;20230109;000000;142.4000000
SBER;D;20230110;000000;142.8100000
SBER;D;20230111;000000;149.9600000
SBER;D;20230112;000000;149.3000000
SBER;D;20230113;000000;151.6900000
SBER;D;20230116;000000;153.7100000
SBER;D;20230117;000000;150.4500000
SBER;D;20230118;000000;151.4700000
SBER;D;20230119;000000;149.3400000
SBER;D;20230120;000000;151.3800000
SBER;D;20230123;000000;153.5000000
SBER;D;20230124;000000;152.6600000
SBER;D;20230125;000000;152.8100000
SBER;D;20230126;000000;152.4000000
SBER;D;20230127;000000;153.2000000
SBER;D;20230130;000000;153.3800000
SBER;D;20230131;000000;158.0700000
SBER;D;20230201;000000;158.2900000
SBER;D;20230202;000000;159.4500000
SBER;D;20230203;000000;161.2600000
SBER;D;20230206;000000;167.0900000
SBER;D;20230207;000000;165.3900000
SBER;D;20230208;000000;164.1500000
SBER;D;20230209;000000;165.3100000
SBER;D;20230210;000000;165.5200000
SBER;D;20230213;000000;164.3200000
SBER;D;20230214;000000;161.8600000
SBER;D;20230215;000000;156.2500000
SBER;D;20230216;000000;158.2200000
SBER;D;20230217;000000;159.7300000
SBER;D;20230220;000000;160.0900000
SBER;D;20230221;000000;164.1500000
SBER;D;20230222;000000;163.3700000
SBER;D;20230224;000000;164.3000000
SBER;D;20230227;000000;169.9500000
SBER;D;20230228;000000;169.8200000
SBER;D;20230301;000000;170.5300000
SBER;D;20230302;000000;168.0500000
SBER;D;20230303;000000;171.1600000
SBER;D;20230306;000000;171.8400000
SBER;D;20230307;000000;174.0100000
SBER;D;20230309;000000;172.5500000
SBER;D;20230310;000000;172.5300000
SBER;D;20230313;000000;172.1500000
SBER;D;20230314;000000;175.7100000
SBER;D;20230315;000000;175.3000000
SBER;D;20230316;000000;175.4500000
SBER;D;20230317;000000;193.5900000
SBER;D;20230320;000000;203.7300000
SBER;D;20230321;000000;203.3200000
SBER;D;20230322;000000;202.8900000
SBER;D;20230323;000000;202.5800000
SBER;D;20230324;000000;203.5700000
SBER;D;20230327;000000;211.8400000
SBER;D;20230328;000000;214.0300000
SBER;D;20230329;000000;217.9900000
SBER;D;20230330;000000;216.8700000
SBER;D;20230331;000000;216.6000000
SBER;D;20230403;000000;216.0900000
SBER;D;20230404;000000;214.8300000
SBER;D;20230405;000000;216.1500000
SBER;D;20230406;000000;214.2500000
SBER;D;20230407;000000;216.2700000
SBER;D;20230410;000000;222.2100000
SBER;D;20230411;000000;218.6000000
SBER;D;20230412;000000;219.2200000
SBER;D;20230413;000000;219.8500000
SBER;D;20230414;000000;221.8700000
SBER;D;20230417;000000;228.1000000
SBER;D;20230418;000000;232.6600000
SBER;D;20230419;000000;232.9500000
SBER;D;20230420;000000;236.2800000
SBER;D;20230421;000000;235.1700000
SBER;D;20230424;000000;235.1000000
SBER;D;20230425;000000;235.3000000
SBER;D;20230426;000000;235.2100000
SBER;D;20230427;000000;240.3800000
SBER;D;20230428;000000;240.3800000
SBER;D;20230502;000000;242.6200000
SBER;D;20230503;000000;235.7700000
SBER;D;20230504;000000;238.8900000
SBER;D;20230505;000000;237.7000000
SBER;D;20230508;000000;238.2700000
SBER;D;20230510;000000;227.0600000
SBER;D;20230511;000000;229.3200000
SBER;D;20230512;000000;229.2900000
SBER;D;20230515;000000;231.7000000
SBER;D;20230516;000000;230.6200000
SBER;D;20230517;000000;230.5500000
SBER;D;20230518;000000;231.7000000
SBER;D;20230519;000000;231.2700000
SBER;D;20230522;000000;231.0000000
SBER;D;20230523;000000;230.2600000
